spat_temp_id,spat_temp_id_str,fishnet_id,temp_day_id
1,1_1,1,1
2,1_2,1,2
3,1_3,1,3
4,1_4,1,4
5,1_5,1,5
6,1_6,1,6
7,1_7,1,7
8,1_8,1,8
9,1_9,1,9
10,1_10,1,10
11,1_11,1,11
12,1_12,1,12
13,1_13,1,13
14,1_14,1,14
15,1_15,1,15
16,1_16,1,16
17,1_17,1,17
18,1_18,1,18
19,1_19,1,19
20,1_20,1,20
21,1_21,1,21
22,1_22,1,22
23,1_23,1,23
24,1_24,1,24
25,1_25,1,25
26,1_26,1,26
27,1_27,1,27
28,1_28,1,28
29,1_29,1,29
30,1_30,1,30
31,1_31,1,31
32,1_32,1,32
33,1_33,1,33
34,1_34,1,34
35,1_35,1,35
36,1_36,1,36
37,1_37,1,37
38,1_38,1,38
39,1_39,1,39
40,2_1,2,1
41,2_2,2,2
42,2_3,2,3
43,2_4,2,4
44,2_5,2,5
45,2_6,2,6
46,2_7,2,7
47,2_8,2,8
48,2_9,2,9
49,2_10,2,10
50,2_11,2,11
51,2_12,2,12
52,2_13,2,13
53,2_14,2,14
54,2_15,2,15
55,2_16,2,16
56,2_17,2,17
57,2_18,2,18
58,2_19,2,19
59,2_20,2,20
60,2_21,2,21
61,2_22,2,22
62,2_23,2,23
63,2_24,2,24
64,2_25,2,25
65,2_26,2,26
66,2_27,2,27
67,2_28,2,28
68,2_29,2,29
69,2_30,2,30
70,2_31,2,31
71,2_32,2,32
72,2_33,2,33
73,2_34,2,34
74,2_35,2,35
75,2_36,2,36
76,2_37,2,37
77,2_38,2,38
78,2_39,2,39
79,3_1,3,1
80,3_2,3,2
81,3_3,3,3
82,3_4,3,4
83,3_5,3,5
84,3_6,3,6
85,3_7,3,7
86,3_8,3,8
87,3_9,3,9
88,3_10,3,10
89,3_11,3,11
90,3_12,3,12
91,3_13,3,13
92,3_14,3,14
93,3_15,3,15
94,3_16,3,16
95,3_17,3,17
96,3_18,3,18
97,3_19,3,19
98,3_20,3,20
99,3_21,3,21
100,3_22,3,22
101,3_23,3,23
102,3_24,3,24
103,3_25,3,25
104,3_26,3,26
105,3_27,3,27
106,3_28,3,28
107,3_29,3,29
108,3_30,3,30
109,3_31,3,31
110,3_32,3,32
111,3_33,3,33
112,3_34,3,34
113,3_35,3,35
114,3_36,3,36
115,3_37,3,37
116,3_38,3,38
117,3_39,3,39
118,4_1,4,1
119,4_2,4,2
120,4_3,4,3
121,4_4,4,4
122,4_5,4,5
123,4_6,4,6
124,4_7,4,7
125,4_8,4,8
126,4_9,4,9
127,4_10,4,10
128,4_11,4,11
129,4_12,4,12
130,4_13,4,13
131,4_14,4,14
132,4_15,4,15
133,4_16,4,16
134,4_17,4,17
135,4_18,4,18
136,4_19,4,19
137,4_20,4,20
138,4_21,4,21
139,4_22,4,22
140,4_23,4,23
141,4_24,4,24
142,4_25,4,25
143,4_26,4,26
144,4_27,4,27
145,4_28,4,28
146,4_29,4,29
147,4_30,4,30
148,4_31,4,31
149,4_32,4,32
150,4_33,4,33
151,4_34,4,34
152,4_35,4,35
153,4_36,4,36
154,4_37,4,37
155,4_38,4,38
156,4_39,4,39
157,5_1,5,1
158,5_2,5,2
159,5_3,5,3
160,5_4,5,4
161,5_5,5,5
162,5_6,5,6
163,5_7,5,7
164,5_8,5,8
165,5_9,5,9
166,5_10,5,10
167,5_11,5,11
168,5_12,5,12
169,5_13,5,13
170,5_14,5,14
171,5_15,5,15
172,5_16,5,16
173,5_17,5,17
174,5_18,5,18
175,5_19,5,19
176,5_20,5,20
177,5_21,5,21
178,5_22,5,22
179,5_23,5,23
180,5_24,5,24
181,5_25,5,25
182,5_26,5,26
183,5_27,5,27
184,5_28,5,28
185,5_29,5,29
186,5_30,5,30
187,5_31,5,31
188,5_32,5,32
189,5_33,5,33
190,5_34,5,34
191,5_35,5,35
192,5_36,5,36
193,5_37,5,37
194,5_38,5,38
195,5_39,5,39
196,6_1,6,1
197,6_2,6,2
198,6_3,6,3
199,6_4,6,4
200,6_5,6,5
201,6_6,6,6
202,6_7,6,7
203,6_8,6,8
204,6_9,6,9
205,6_10,6,10
206,6_11,6,11
207,6_12,6,12
208,6_13,6,13
209,6_14,6,14
210,6_15,6,15
211,6_16,6,16
212,6_17,6,17
213,6_18,6,18
214,6_19,6,19
215,6_20,6,20
216,6_21,6,21
217,6_22,6,22
218,6_23,6,23
219,6_24,6,24
220,6_25,6,25
221,6_26,6,26
222,6_27,6,27
223,6_28,6,28
224,6_29,6,29
225,6_30,6,30
226,6_31,6,31
227,6_32,6,32
228,6_33,6,33
229,6_34,6,34
230,6_35,6,35
231,6_36,6,36
232,6_37,6,37
233,6_38,6,38
234,6_39,6,39
235,7_1,7,1
236,7_2,7,2
237,7_3,7,3
238,7_4,7,4
239,7_5,7,5
240,7_6,7,6
241,7_7,7,7
242,7_8,7,8
243,7_9,7,9
244,7_10,7,10
245,7_11,7,11
246,7_12,7,12
247,7_13,7,13
248,7_14,7,14
249,7_15,7,15
250,7_16,7,16
251,7_17,7,17
252,7_18,7,18
253,7_19,7,19
254,7_20,7,20
255,7_21,7,21
256,7_22,7,22
257,7_23,7,23
258,7_24,7,24
259,7_25,7,25
260,7_26,7,26
261,7_27,7,27
262,7_28,7,28
263,7_29,7,29
264,7_30,7,30
265,7_31,7,31
266,7_32,7,32
267,7_33,7,33
268,7_34,7,34
269,7_35,7,35
270,7_36,7,36
271,7_37,7,37
272,7_38,7,38
273,7_39,7,39
274,8_1,8,1
275,8_2,8,2
276,8_3,8,3
277,8_4,8,4
278,8_5,8,5
279,8_6,8,6
280,8_7,8,7
281,8_8,8,8
282,8_9,8,9
283,8_10,8,10
284,8_11,8,11
285,8_12,8,12
286,8_13,8,13
287,8_14,8,14
288,8_15,8,15
289,8_16,8,16
290,8_17,8,17
291,8_18,8,18
292,8_19,8,19
293,8_20,8,20
294,8_21,8,21
295,8_22,8,22
296,8_23,8,23
297,8_24,8,24
298,8_25,8,25
299,8_26,8,26
300,8_27,8,27
301,8_28,8,28
302,8_29,8,29
303,8_30,8,30
304,8_31,8,31
305,8_32,8,32
306,8_33,8,33
307,8_34,8,34
308,8_35,8,35
309,8_36,8,36
310,8_37,8,37
311,8_38,8,38
312,8_39,8,39
313,9_1,9,1
314,9_2,9,2
315,9_3,9,3
316,9_4,9,4
317,9_5,9,5
318,9_6,9,6
319,9_7,9,7
320,9_8,9,8
321,9_9,9,9
322,9_10,9,10
323,9_11,9,11
324,9_12,9,12
325,9_13,9,13
326,9_14,9,14
327,9_15,9,15
328,9_16,9,16
329,9_17,9,17
330,9_18,9,18
331,9_19,9,19
332,9_20,9,20
333,9_21,9,21
334,9_22,9,22
335,9_23,9,23
336,9_24,9,24
337,9_25,9,25
338,9_26,9,26
339,9_27,9,27
340,9_28,9,28
341,9_29,9,29
342,9_30,9,30
343,9_31,9,31
344,9_32,9,32
345,9_33,9,33
346,9_34,9,34
347,9_35,9,35
348,9_36,9,36
349,9_37,9,37
350,9_38,9,38
351,9_39,9,39
352,10_1,10,1
353,10_2,10,2
354,10_3,10,3
355,10_4,10,4
356,10_5,10,5
357,10_6,10,6
358,10_7,10,7
359,10_8,10,8
360,10_9,10,9
361,10_10,10,10
362,10_11,10,11
363,10_12,10,12
364,10_13,10,13
365,10_14,10,14
366,10_15,10,15
367,10_16,10,16
368,10_17,10,17
369,10_18,10,18
370,10_19,10,19
371,10_20,10,20
372,10_21,10,21
373,10_22,10,22
374,10_23,10,23
375,10_24,10,24
376,10_25,10,25
377,10_26,10,26
378,10_27,10,27
379,10_28,10,28
380,10_29,10,29
381,10_30,10,30
382,10_31,10,31
383,10_32,10,32
384,10_33,10,33
385,10_34,10,34
386,10_35,10,35
387,10_36,10,36
388,10_37,10,37
389,10_38,10,38
390,10_39,10,39
391,11_1,11,1
392,11_2,11,2
393,11_3,11,3
394,11_4,11,4
395,11_5,11,5
396,11_6,11,6
397,11_7,11,7
398,11_8,11,8
399,11_9,11,9
400,11_10,11,10
401,11_11,11,11
402,11_12,11,12
403,11_13,11,13
404,11_14,11,14
405,11_15,11,15
406,11_16,11,16
407,11_17,11,17
408,11_18,11,18
409,11_19,11,19
410,11_20,11,20
411,11_21,11,21
412,11_22,11,22
413,11_23,11,23
414,11_24,11,24
415,11_25,11,25
416,11_26,11,26
417,11_27,11,27
418,11_28,11,28
419,11_29,11,29
420,11_30,11,30
421,11_31,11,31
422,11_32,11,32
423,11_33,11,33
424,11_34,11,34
425,11_35,11,35
426,11_36,11,36
427,11_37,11,37
428,11_38,11,38
429,11_39,11,39
430,12_1,12,1
431,12_2,12,2
432,12_3,12,3
433,12_4,12,4
434,12_5,12,5
435,12_6,12,6
436,12_7,12,7
437,12_8,12,8
438,12_9,12,9
439,12_10,12,10
440,12_11,12,11
441,12_12,12,12
442,12_13,12,13
443,12_14,12,14
444,12_15,12,15
445,12_16,12,16
446,12_17,12,17
447,12_18,12,18
448,12_19,12,19
449,12_20,12,20
450,12_21,12,21
451,12_22,12,22
452,12_23,12,23
453,12_24,12,24
454,12_25,12,25
455,12_26,12,26
456,12_27,12,27
457,12_28,12,28
458,12_29,12,29
459,12_30,12,30
460,12_31,12,31
461,12_32,12,32
462,12_33,12,33
463,12_34,12,34
464,12_35,12,35
465,12_36,12,36
466,12_37,12,37
467,12_38,12,38
468,12_39,12,39
469,13_1,13,1
470,13_2,13,2
471,13_3,13,3
472,13_4,13,4
473,13_5,13,5
474,13_6,13,6
475,13_7,13,7
476,13_8,13,8
477,13_9,13,9
478,13_10,13,10
479,13_11,13,11
480,13_12,13,12
481,13_13,13,13
482,13_14,13,14
483,13_15,13,15
484,13_16,13,16
485,13_17,13,17
486,13_18,13,18
487,13_19,13,19
488,13_20,13,20
489,13_21,13,21
490,13_22,13,22
491,13_23,13,23
492,13_24,13,24
493,13_25,13,25
494,13_26,13,26
495,13_27,13,27
496,13_28,13,28
497,13_29,13,29
498,13_30,13,30
499,13_31,13,31
500,13_32,13,32
501,13_33,13,33
502,13_34,13,34
503,13_35,13,35
504,13_36,13,36
505,13_37,13,37
506,13_38,13,38
507,13_39,13,39
508,14_1,14,1
509,14_2,14,2
510,14_3,14,3
511,14_4,14,4
512,14_5,14,5
513,14_6,14,6
514,14_7,14,7
515,14_8,14,8
516,14_9,14,9
517,14_10,14,10
518,14_11,14,11
519,14_12,14,12
520,14_13,14,13
521,14_14,14,14
522,14_15,14,15
523,14_16,14,16
524,14_17,14,17
525,14_18,14,18
526,14_19,14,19
527,14_20,14,20
528,14_21,14,21
529,14_22,14,22
530,14_23,14,23
531,14_24,14,24
532,14_25,14,25
533,14_26,14,26
534,14_27,14,27
535,14_28,14,28
536,14_29,14,29
537,14_30,14,30
538,14_31,14,31
539,14_32,14,32
540,14_33,14,33
541,14_34,14,34
542,14_35,14,35
543,14_36,14,36
544,14_37,14,37
545,14_38,14,38
546,14_39,14,39
547,15_1,15,1
548,15_2,15,2
549,15_3,15,3
550,15_4,15,4
551,15_5,15,5
552,15_6,15,6
553,15_7,15,7
554,15_8,15,8
555,15_9,15,9
556,15_10,15,10
557,15_11,15,11
558,15_12,15,12
559,15_13,15,13
560,15_14,15,14
561,15_15,15,15
562,15_16,15,16
563,15_17,15,17
564,15_18,15,18
565,15_19,15,19
566,15_20,15,20
567,15_21,15,21
568,15_22,15,22
569,15_23,15,23
570,15_24,15,24
571,15_25,15,25
572,15_26,15,26
573,15_27,15,27
574,15_28,15,28
575,15_29,15,29
576,15_30,15,30
577,15_31,15,31
578,15_32,15,32
579,15_33,15,33
580,15_34,15,34
581,15_35,15,35
582,15_36,15,36
583,15_37,15,37
584,15_38,15,38
585,15_39,15,39
586,16_1,16,1
587,16_2,16,2
588,16_3,16,3
589,16_4,16,4
590,16_5,16,5
591,16_6,16,6
592,16_7,16,7
593,16_8,16,8
594,16_9,16,9
595,16_10,16,10
596,16_11,16,11
597,16_12,16,12
598,16_13,16,13
599,16_14,16,14
600,16_15,16,15
601,16_16,16,16
602,16_17,16,17
603,16_18,16,18
604,16_19,16,19
605,16_20,16,20
606,16_21,16,21
607,16_22,16,22
608,16_23,16,23
609,16_24,16,24
610,16_25,16,25
611,16_26,16,26
612,16_27,16,27
613,16_28,16,28
614,16_29,16,29
615,16_30,16,30
616,16_31,16,31
617,16_32,16,32
618,16_33,16,33
619,16_34,16,34
620,16_35,16,35
621,16_36,16,36
622,16_37,16,37
623,16_38,16,38
624,16_39,16,39
625,17_1,17,1
626,17_2,17,2
627,17_3,17,3
628,17_4,17,4
629,17_5,17,5
630,17_6,17,6
631,17_7,17,7
632,17_8,17,8
633,17_9,17,9
634,17_10,17,10
635,17_11,17,11
636,17_12,17,12
637,17_13,17,13
638,17_14,17,14
639,17_15,17,15
640,17_16,17,16
641,17_17,17,17
642,17_18,17,18
643,17_19,17,19
644,17_20,17,20
645,17_21,17,21
646,17_22,17,22
647,17_23,17,23
648,17_24,17,24
649,17_25,17,25
650,17_26,17,26
651,17_27,17,27
652,17_28,17,28
653,17_29,17,29
654,17_30,17,30
655,17_31,17,31
656,17_32,17,32
657,17_33,17,33
658,17_34,17,34
659,17_35,17,35
660,17_36,17,36
661,17_37,17,37
662,17_38,17,38
663,17_39,17,39
664,18_1,18,1
665,18_2,18,2
666,18_3,18,3
667,18_4,18,4
668,18_5,18,5
669,18_6,18,6
670,18_7,18,7
671,18_8,18,8
672,18_9,18,9
673,18_10,18,10
674,18_11,18,11
675,18_12,18,12
676,18_13,18,13
677,18_14,18,14
678,18_15,18,15
679,18_16,18,16
680,18_17,18,17
681,18_18,18,18
682,18_19,18,19
683,18_20,18,20
684,18_21,18,21
685,18_22,18,22
686,18_23,18,23
687,18_24,18,24
688,18_25,18,25
689,18_26,18,26
690,18_27,18,27
691,18_28,18,28
692,18_29,18,29
693,18_30,18,30
694,18_31,18,31
695,18_32,18,32
696,18_33,18,33
697,18_34,18,34
698,18_35,18,35
699,18_36,18,36
700,18_37,18,37
701,18_38,18,38
702,18_39,18,39
703,19_1,19,1
704,19_2,19,2
705,19_3,19,3
706,19_4,19,4
707,19_5,19,5
708,19_6,19,6
709,19_7,19,7
710,19_8,19,8
711,19_9,19,9
712,19_10,19,10
713,19_11,19,11
714,19_12,19,12
715,19_13,19,13
716,19_14,19,14
717,19_15,19,15
718,19_16,19,16
719,19_17,19,17
720,19_18,19,18
721,19_19,19,19
722,19_20,19,20
723,19_21,19,21
724,19_22,19,22
725,19_23,19,23
726,19_24,19,24
727,19_25,19,25
728,19_26,19,26
729,19_27,19,27
730,19_28,19,28
731,19_29,19,29
732,19_30,19,30
733,19_31,19,31
734,19_32,19,32
735,19_33,19,33
736,19_34,19,34
737,19_35,19,35
738,19_36,19,36
739,19_37,19,37
740,19_38,19,38
741,19_39,19,39
742,20_1,20,1
743,20_2,20,2
744,20_3,20,3
745,20_4,20,4
746,20_5,20,5
747,20_6,20,6
748,20_7,20,7
749,20_8,20,8
750,20_9,20,9
751,20_10,20,10
752,20_11,20,11
753,20_12,20,12
754,20_13,20,13
755,20_14,20,14
756,20_15,20,15
757,20_16,20,16
758,20_17,20,17
759,20_18,20,18
760,20_19,20,19
761,20_20,20,20
762,20_21,20,21
763,20_22,20,22
764,20_23,20,23
765,20_24,20,24
766,20_25,20,25
767,20_26,20,26
768,20_27,20,27
769,20_28,20,28
770,20_29,20,29
771,20_30,20,30
772,20_31,20,31
773,20_32,20,32
774,20_33,20,33
775,20_34,20,34
776,20_35,20,35
777,20_36,20,36
778,20_37,20,37
779,20_38,20,38
780,20_39,20,39
781,21_1,21,1
782,21_2,21,2
783,21_3,21,3
784,21_4,21,4
785,21_5,21,5
786,21_6,21,6
787,21_7,21,7
788,21_8,21,8
789,21_9,21,9
790,21_10,21,10
791,21_11,21,11
792,21_12,21,12
793,21_13,21,13
794,21_14,21,14
795,21_15,21,15
796,21_16,21,16
797,21_17,21,17
798,21_18,21,18
799,21_19,21,19
800,21_20,21,20
801,21_21,21,21
802,21_22,21,22
803,21_23,21,23
804,21_24,21,24
805,21_25,21,25
806,21_26,21,26
807,21_27,21,27
808,21_28,21,28
809,21_29,21,29
810,21_30,21,30
811,21_31,21,31
812,21_32,21,32
813,21_33,21,33
814,21_34,21,34
815,21_35,21,35
816,21_36,21,36
817,21_37,21,37
818,21_38,21,38
819,21_39,21,39
820,22_1,22,1
821,22_2,22,2
822,22_3,22,3
823,22_4,22,4
824,22_5,22,5
825,22_6,22,6
826,22_7,22,7
827,22_8,22,8
828,22_9,22,9
829,22_10,22,10
830,22_11,22,11
831,22_12,22,12
832,22_13,22,13
833,22_14,22,14
834,22_15,22,15
835,22_16,22,16
836,22_17,22,17
837,22_18,22,18
838,22_19,22,19
839,22_20,22,20
840,22_21,22,21
841,22_22,22,22
842,22_23,22,23
843,22_24,22,24
844,22_25,22,25
845,22_26,22,26
846,22_27,22,27
847,22_28,22,28
848,22_29,22,29
849,22_30,22,30
850,22_31,22,31
851,22_32,22,32
852,22_33,22,33
853,22_34,22,34
854,22_35,22,35
855,22_36,22,36
856,22_37,22,37
857,22_38,22,38
858,22_39,22,39
859,23_1,23,1
860,23_2,23,2
861,23_3,23,3
862,23_4,23,4
863,23_5,23,5
864,23_6,23,6
865,23_7,23,7
866,23_8,23,8
867,23_9,23,9
868,23_10,23,10
869,23_11,23,11
870,23_12,23,12
871,23_13,23,13
872,23_14,23,14
873,23_15,23,15
874,23_16,23,16
875,23_17,23,17
876,23_18,23,18
877,23_19,23,19
878,23_20,23,20
879,23_21,23,21
880,23_22,23,22
881,23_23,23,23
882,23_24,23,24
883,23_25,23,25
884,23_26,23,26
885,23_27,23,27
886,23_28,23,28
887,23_29,23,29
888,23_30,23,30
889,23_31,23,31
890,23_32,23,32
891,23_33,23,33
892,23_34,23,34
893,23_35,23,35
894,23_36,23,36
895,23_37,23,37
896,23_38,23,38
897,23_39,23,39
898,24_1,24,1
899,24_2,24,2
900,24_3,24,3
901,24_4,24,4
902,24_5,24,5
903,24_6,24,6
904,24_7,24,7
905,24_8,24,8
906,24_9,24,9
907,24_10,24,10
908,24_11,24,11
909,24_12,24,12
910,24_13,24,13
911,24_14,24,14
912,24_15,24,15
913,24_16,24,16
914,24_17,24,17
915,24_18,24,18
916,24_19,24,19
917,24_20,24,20
918,24_21,24,21
919,24_22,24,22
920,24_23,24,23
921,24_24,24,24
922,24_25,24,25
923,24_26,24,26
924,24_27,24,27
925,24_28,24,28
926,24_29,24,29
927,24_30,24,30
928,24_31,24,31
929,24_32,24,32
930,24_33,24,33
931,24_34,24,34
932,24_35,24,35
933,24_36,24,36
934,24_37,24,37
935,24_38,24,38
936,24_39,24,39
937,25_1,25,1
938,25_2,25,2
939,25_3,25,3
940,25_4,25,4
941,25_5,25,5
942,25_6,25,6
943,25_7,25,7
944,25_8,25,8
945,25_9,25,9
946,25_10,25,10
947,25_11,25,11
948,25_12,25,12
949,25_13,25,13
950,25_14,25,14
951,25_15,25,15
952,25_16,25,16
953,25_17,25,17
954,25_18,25,18
955,25_19,25,19
956,25_20,25,20
957,25_21,25,21
958,25_22,25,22
959,25_23,25,23
960,25_24,25,24
961,25_25,25,25
962,25_26,25,26
963,25_27,25,27
964,25_28,25,28
965,25_29,25,29
966,25_30,25,30
967,25_31,25,31
968,25_32,25,32
969,25_33,25,33
970,25_34,25,34
971,25_35,25,35
972,25_36,25,36
973,25_37,25,37
974,25_38,25,38
975,25_39,25,39
976,26_1,26,1
977,26_2,26,2
978,26_3,26,3
979,26_4,26,4
980,26_5,26,5
981,26_6,26,6
982,26_7,26,7
983,26_8,26,8
984,26_9,26,9
985,26_10,26,10
986,26_11,26,11
987,26_12,26,12
988,26_13,26,13
989,26_14,26,14
990,26_15,26,15
991,26_16,26,16
992,26_17,26,17
993,26_18,26,18
994,26_19,26,19
995,26_20,26,20
996,26_21,26,21
997,26_22,26,22
998,26_23,26,23
999,26_24,26,24
1000,26_25,26,25
1001,26_26,26,26
1002,26_27,26,27
1003,26_28,26,28
1004,26_29,26,29
1005,26_30,26,30
1006,26_31,26,31
1007,26_32,26,32
1008,26_33,26,33
1009,26_34,26,34
1010,26_35,26,35
1011,26_36,26,36
1012,26_37,26,37
1013,26_38,26,38
1014,26_39,26,39
1015,27_1,27,1
1016,27_2,27,2
1017,27_3,27,3
1018,27_4,27,4
1019,27_5,27,5
1020,27_6,27,6
1021,27_7,27,7
1022,27_8,27,8
1023,27_9,27,9
1024,27_10,27,10
1025,27_11,27,11
1026,27_12,27,12
1027,27_13,27,13
1028,27_14,27,14
1029,27_15,27,15
1030,27_16,27,16
1031,27_17,27,17
1032,27_18,27,18
1033,27_19,27,19
1034,27_20,27,20
1035,27_21,27,21
1036,27_22,27,22
1037,27_23,27,23
1038,27_24,27,24
1039,27_25,27,25
1040,27_26,27,26
1041,27_27,27,27
1042,27_28,27,28
1043,27_29,27,29
1044,27_30,27,30
1045,27_31,27,31
1046,27_32,27,32
1047,27_33,27,33
1048,27_34,27,34
1049,27_35,27,35
1050,27_36,27,36
1051,27_37,27,37
1052,27_38,27,38
1053,27_39,27,39
1054,28_1,28,1
1055,28_2,28,2
1056,28_3,28,3
1057,28_4,28,4
1058,28_5,28,5
1059,28_6,28,6
1060,28_7,28,7
1061,28_8,28,8
1062,28_9,28,9
1063,28_10,28,10
1064,28_11,28,11
1065,28_12,28,12
1066,28_13,28,13
1067,28_14,28,14
1068,28_15,28,15
1069,28_16,28,16
1070,28_17,28,17
1071,28_18,28,18
1072,28_19,28,19
1073,28_20,28,20
1074,28_21,28,21
1075,28_22,28,22
1076,28_23,28,23
1077,28_24,28,24
1078,28_25,28,25
1079,28_26,28,26
1080,28_27,28,27
1081,28_28,28,28
1082,28_29,28,29
1083,28_30,28,30
1084,28_31,28,31
1085,28_32,28,32
1086,28_33,28,33
1087,28_34,28,34
1088,28_35,28,35
1089,28_36,28,36
1090,28_37,28,37
1091,28_38,28,38
1092,28_39,28,39
1093,29_1,29,1
1094,29_2,29,2
1095,29_3,29,3
1096,29_4,29,4
1097,29_5,29,5
1098,29_6,29,6
1099,29_7,29,7
1100,29_8,29,8
1101,29_9,29,9
1102,29_10,29,10
1103,29_11,29,11
1104,29_12,29,12
1105,29_13,29,13
1106,29_14,29,14
1107,29_15,29,15
1108,29_16,29,16
1109,29_17,29,17
1110,29_18,29,18
1111,29_19,29,19
1112,29_20,29,20
1113,29_21,29,21
1114,29_22,29,22
1115,29_23,29,23
1116,29_24,29,24
1117,29_25,29,25
1118,29_26,29,26
1119,29_27,29,27
1120,29_28,29,28
1121,29_29,29,29
1122,29_30,29,30
1123,29_31,29,31
1124,29_32,29,32
1125,29_33,29,33
1126,29_34,29,34
1127,29_35,29,35
1128,29_36,29,36
1129,29_37,29,37
1130,29_38,29,38
1131,29_39,29,39
1132,30_1,30,1
1133,30_2,30,2
1134,30_3,30,3
1135,30_4,30,4
1136,30_5,30,5
1137,30_6,30,6
1138,30_7,30,7
1139,30_8,30,8
1140,30_9,30,9
1141,30_10,30,10
1142,30_11,30,11
1143,30_12,30,12
1144,30_13,30,13
1145,30_14,30,14
1146,30_15,30,15
1147,30_16,30,16
1148,30_17,30,17
1149,30_18,30,18
1150,30_19,30,19
1151,30_20,30,20
1152,30_21,30,21
1153,30_22,30,22
1154,30_23,30,23
1155,30_24,30,24
1156,30_25,30,25
1157,30_26,30,26
1158,30_27,30,27
1159,30_28,30,28
1160,30_29,30,29
1161,30_30,30,30
1162,30_31,30,31
1163,30_32,30,32
1164,30_33,30,33
1165,30_34,30,34
1166,30_35,30,35
1167,30_36,30,36
1168,30_37,30,37
1169,30_38,30,38
1170,30_39,30,39
1171,31_1,31,1
1172,31_2,31,2
1173,31_3,31,3
1174,31_4,31,4
1175,31_5,31,5
1176,31_6,31,6
1177,31_7,31,7
1178,31_8,31,8
1179,31_9,31,9
1180,31_10,31,10
1181,31_11,31,11
1182,31_12,31,12
1183,31_13,31,13
1184,31_14,31,14
1185,31_15,31,15
1186,31_16,31,16
1187,31_17,31,17
1188,31_18,31,18
1189,31_19,31,19
1190,31_20,31,20
1191,31_21,31,21
1192,31_22,31,22
1193,31_23,31,23
1194,31_24,31,24
1195,31_25,31,25
1196,31_26,31,26
1197,31_27,31,27
1198,31_28,31,28
1199,31_29,31,29
1200,31_30,31,30
1201,31_31,31,31
1202,31_32,31,32
1203,31_33,31,33
1204,31_34,31,34
1205,31_35,31,35
1206,31_36,31,36
1207,31_37,31,37
1208,31_38,31,38
1209,31_39,31,39
1210,32_1,32,1
1211,32_2,32,2
1212,32_3,32,3
1213,32_4,32,4
1214,32_5,32,5
1215,32_6,32,6
1216,32_7,32,7
1217,32_8,32,8
1218,32_9,32,9
1219,32_10,32,10
1220,32_11,32,11
1221,32_12,32,12
1222,32_13,32,13
1223,32_14,32,14
1224,32_15,32,15
1225,32_16,32,16
1226,32_17,32,17
1227,32_18,32,18
1228,32_19,32,19
1229,32_20,32,20
1230,32_21,32,21
1231,32_22,32,22
1232,32_23,32,23
1233,32_24,32,24
1234,32_25,32,25
1235,32_26,32,26
1236,32_27,32,27
1237,32_28,32,28
1238,32_29,32,29
1239,32_30,32,30
1240,32_31,32,31
1241,32_32,32,32
1242,32_33,32,33
1243,32_34,32,34
1244,32_35,32,35
1245,32_36,32,36
1246,32_37,32,37
1247,32_38,32,38
1248,32_39,32,39
1249,33_1,33,1
1250,33_2,33,2
1251,33_3,33,3
1252,33_4,33,4
1253,33_5,33,5
1254,33_6,33,6
1255,33_7,33,7
1256,33_8,33,8
1257,33_9,33,9
1258,33_10,33,10
1259,33_11,33,11
1260,33_12,33,12
1261,33_13,33,13
1262,33_14,33,14
1263,33_15,33,15
1264,33_16,33,16
1265,33_17,33,17
1266,33_18,33,18
1267,33_19,33,19
1268,33_20,33,20
1269,33_21,33,21
1270,33_22,33,22
1271,33_23,33,23
1272,33_24,33,24
1273,33_25,33,25
1274,33_26,33,26
1275,33_27,33,27
1276,33_28,33,28
1277,33_29,33,29
1278,33_30,33,30
1279,33_31,33,31
1280,33_32,33,32
1281,33_33,33,33
1282,33_34,33,34
1283,33_35,33,35
1284,33_36,33,36
1285,33_37,33,37
1286,33_38,33,38
1287,33_39,33,39
1288,34_1,34,1
1289,34_2,34,2
1290,34_3,34,3
1291,34_4,34,4
1292,34_5,34,5
1293,34_6,34,6
1294,34_7,34,7
1295,34_8,34,8
1296,34_9,34,9
1297,34_10,34,10
1298,34_11,34,11
1299,34_12,34,12
1300,34_13,34,13
1301,34_14,34,14
1302,34_15,34,15
1303,34_16,34,16
1304,34_17,34,17
1305,34_18,34,18
1306,34_19,34,19
1307,34_20,34,20
1308,34_21,34,21
1309,34_22,34,22
1310,34_23,34,23
1311,34_24,34,24
1312,34_25,34,25
1313,34_26,34,26
1314,34_27,34,27
1315,34_28,34,28
1316,34_29,34,29
1317,34_30,34,30
1318,34_31,34,31
1319,34_32,34,32
1320,34_33,34,33
1321,34_34,34,34
1322,34_35,34,35
1323,34_36,34,36
1324,34_37,34,37
1325,34_38,34,38
1326,34_39,34,39
1327,35_1,35,1
1328,35_2,35,2
1329,35_3,35,3
1330,35_4,35,4
1331,35_5,35,5
1332,35_6,35,6
1333,35_7,35,7
1334,35_8,35,8
1335,35_9,35,9
1336,35_10,35,10
1337,35_11,35,11
1338,35_12,35,12
1339,35_13,35,13
1340,35_14,35,14
1341,35_15,35,15
1342,35_16,35,16
1343,35_17,35,17
1344,35_18,35,18
1345,35_19,35,19
1346,35_20,35,20
1347,35_21,35,21
1348,35_22,35,22
1349,35_23,35,23
1350,35_24,35,24
1351,35_25,35,25
1352,35_26,35,26
1353,35_27,35,27
1354,35_28,35,28
1355,35_29,35,29
1356,35_30,35,30
1357,35_31,35,31
1358,35_32,35,32
1359,35_33,35,33
1360,35_34,35,34
1361,35_35,35,35
1362,35_36,35,36
1363,35_37,35,37
1364,35_38,35,38
1365,35_39,35,39
1366,36_1,36,1
1367,36_2,36,2
1368,36_3,36,3
1369,36_4,36,4
1370,36_5,36,5
1371,36_6,36,6
1372,36_7,36,7
1373,36_8,36,8
1374,36_9,36,9
1375,36_10,36,10
1376,36_11,36,11
1377,36_12,36,12
1378,36_13,36,13
1379,36_14,36,14
1380,36_15,36,15
1381,36_16,36,16
1382,36_17,36,17
1383,36_18,36,18
1384,36_19,36,19
1385,36_20,36,20
1386,36_21,36,21
1387,36_22,36,22
1388,36_23,36,23
1389,36_24,36,24
1390,36_25,36,25
1391,36_26,36,26
1392,36_27,36,27
1393,36_28,36,28
1394,36_29,36,29
1395,36_30,36,30
1396,36_31,36,31
1397,36_32,36,32
1398,36_33,36,33
1399,36_34,36,34
1400,36_35,36,35
1401,36_36,36,36
1402,36_37,36,37
1403,36_38,36,38
1404,36_39,36,39
1405,37_1,37,1
1406,37_2,37,2
1407,37_3,37,3
1408,37_4,37,4
1409,37_5,37,5
1410,37_6,37,6
1411,37_7,37,7
1412,37_8,37,8
1413,37_9,37,9
1414,37_10,37,10
1415,37_11,37,11
1416,37_12,37,12
1417,37_13,37,13
1418,37_14,37,14
1419,37_15,37,15
1420,37_16,37,16
1421,37_17,37,17
1422,37_18,37,18
1423,37_19,37,19
1424,37_20,37,20
1425,37_21,37,21
1426,37_22,37,22
1427,37_23,37,23
1428,37_24,37,24
1429,37_25,37,25
1430,37_26,37,26
1431,37_27,37,27
1432,37_28,37,28
1433,37_29,37,29
1434,37_30,37,30
1435,37_31,37,31
1436,37_32,37,32
1437,37_33,37,33
1438,37_34,37,34
1439,37_35,37,35
1440,37_36,37,36
1441,37_37,37,37
1442,37_38,37,38
1443,37_39,37,39
1444,38_1,38,1
1445,38_2,38,2
1446,38_3,38,3
1447,38_4,38,4
1448,38_5,38,5
1449,38_6,38,6
1450,38_7,38,7
1451,38_8,38,8
1452,38_9,38,9
1453,38_10,38,10
1454,38_11,38,11
1455,38_12,38,12
1456,38_13,38,13
1457,38_14,38,14
1458,38_15,38,15
1459,38_16,38,16
1460,38_17,38,17
1461,38_18,38,18
1462,38_19,38,19
1463,38_20,38,20
1464,38_21,38,21
1465,38_22,38,22
1466,38_23,38,23
1467,38_24,38,24
1468,38_25,38,25
1469,38_26,38,26
1470,38_27,38,27
1471,38_28,38,28
1472,38_29,38,29
1473,38_30,38,30
1474,38_31,38,31
1475,38_32,38,32
1476,38_33,38,33
1477,38_34,38,34
1478,38_35,38,35
1479,38_36,38,36
1480,38_37,38,37
1481,38_38,38,38
1482,38_39,38,39
1483,39_1,39,1
1484,39_2,39,2
1485,39_3,39,3
1486,39_4,39,4
1487,39_5,39,5
1488,39_6,39,6
1489,39_7,39,7
1490,39_8,39,8
1491,39_9,39,9
1492,39_10,39,10
1493,39_11,39,11
1494,39_12,39,12
1495,39_13,39,13
1496,39_14,39,14
1497,39_15,39,15
1498,39_16,39,16
1499,39_17,39,17
1500,39_18,39,18
1501,39_19,39,19
1502,39_20,39,20
1503,39_21,39,21
1504,39_22,39,22
1505,39_23,39,23
1506,39_24,39,24
1507,39_25,39,25
1508,39_26,39,26
1509,39_27,39,27
1510,39_28,39,28
1511,39_29,39,29
1512,39_30,39,30
1513,39_31,39,31
1514,39_32,39,32
1515,39_33,39,33
1516,39_34,39,34
1517,39_35,39,35
1518,39_36,39,36
1519,39_37,39,37
1520,39_38,39,38
1521,39_39,39,39
1522,40_1,40,1
1523,40_2,40,2
1524,40_3,40,3
1525,40_4,40,4
1526,40_5,40,5
1527,40_6,40,6
1528,40_7,40,7
1529,40_8,40,8
1530,40_9,40,9
1531,40_10,40,10
1532,40_11,40,11
1533,40_12,40,12
1534,40_13,40,13
1535,40_14,40,14
1536,40_15,40,15
1537,40_16,40,16
1538,40_17,40,17
1539,40_18,40,18
1540,40_19,40,19
1541,40_20,40,20
1542,40_21,40,21
1543,40_22,40,22
1544,40_23,40,23
1545,40_24,40,24
1546,40_25,40,25
1547,40_26,40,26
1548,40_27,40,27
1549,40_28,40,28
1550,40_29,40,29
1551,40_30,40,30
1552,40_31,40,31
1553,40_32,40,32
1554,40_33,40,33
1555,40_34,40,34
1556,40_35,40,35
1557,40_36,40,36
1558,40_37,40,37
1559,40_38,40,38
1560,40_39,40,39
1561,41_1,41,1
1562,41_2,41,2
1563,41_3,41,3
1564,41_4,41,4
1565,41_5,41,5
1566,41_6,41,6
1567,41_7,41,7
1568,41_8,41,8
1569,41_9,41,9
1570,41_10,41,10
1571,41_11,41,11
1572,41_12,41,12
1573,41_13,41,13
1574,41_14,41,14
1575,41_15,41,15
1576,41_16,41,16
1577,41_17,41,17
1578,41_18,41,18
1579,41_19,41,19
1580,41_20,41,20
1581,41_21,41,21
1582,41_22,41,22
1583,41_23,41,23
1584,41_24,41,24
1585,41_25,41,25
1586,41_26,41,26
1587,41_27,41,27
1588,41_28,41,28
1589,41_29,41,29
1590,41_30,41,30
1591,41_31,41,31
1592,41_32,41,32
1593,41_33,41,33
1594,41_34,41,34
1595,41_35,41,35
1596,41_36,41,36
1597,41_37,41,37
1598,41_38,41,38
1599,41_39,41,39
1600,42_1,42,1
1601,42_2,42,2
1602,42_3,42,3
1603,42_4,42,4
1604,42_5,42,5
1605,42_6,42,6
1606,42_7,42,7
1607,42_8,42,8
1608,42_9,42,9
1609,42_10,42,10
1610,42_11,42,11
1611,42_12,42,12
1612,42_13,42,13
1613,42_14,42,14
1614,42_15,42,15
1615,42_16,42,16
1616,42_17,42,17
1617,42_18,42,18
1618,42_19,42,19
1619,42_20,42,20
1620,42_21,42,21
1621,42_22,42,22
1622,42_23,42,23
1623,42_24,42,24
1624,42_25,42,25
1625,42_26,42,26
1626,42_27,42,27
1627,42_28,42,28
1628,42_29,42,29
1629,42_30,42,30
1630,42_31,42,31
1631,42_32,42,32
1632,42_33,42,33
1633,42_34,42,34
1634,42_35,42,35
1635,42_36,42,36
1636,42_37,42,37
1637,42_38,42,38
1638,42_39,42,39
1639,43_1,43,1
1640,43_2,43,2
1641,43_3,43,3
1642,43_4,43,4
1643,43_5,43,5
1644,43_6,43,6
1645,43_7,43,7
1646,43_8,43,8
1647,43_9,43,9
1648,43_10,43,10
1649,43_11,43,11
1650,43_12,43,12
1651,43_13,43,13
1652,43_14,43,14
1653,43_15,43,15
1654,43_16,43,16
1655,43_17,43,17
1656,43_18,43,18
1657,43_19,43,19
1658,43_20,43,20
1659,43_21,43,21
1660,43_22,43,22
1661,43_23,43,23
1662,43_24,43,24
1663,43_25,43,25
1664,43_26,43,26
1665,43_27,43,27
1666,43_28,43,28
1667,43_29,43,29
1668,43_30,43,30
1669,43_31,43,31
1670,43_32,43,32
1671,43_33,43,33
1672,43_34,43,34
1673,43_35,43,35
1674,43_36,43,36
1675,43_37,43,37
1676,43_38,43,38
1677,43_39,43,39
1678,44_1,44,1
1679,44_2,44,2
1680,44_3,44,3
1681,44_4,44,4
1682,44_5,44,5
1683,44_6,44,6
1684,44_7,44,7
1685,44_8,44,8
1686,44_9,44,9
1687,44_10,44,10
1688,44_11,44,11
1689,44_12,44,12
1690,44_13,44,13
1691,44_14,44,14
1692,44_15,44,15
1693,44_16,44,16
1694,44_17,44,17
1695,44_18,44,18
1696,44_19,44,19
1697,44_20,44,20
1698,44_21,44,21
1699,44_22,44,22
1700,44_23,44,23
1701,44_24,44,24
1702,44_25,44,25
1703,44_26,44,26
1704,44_27,44,27
1705,44_28,44,28
1706,44_29,44,29
1707,44_30,44,30
1708,44_31,44,31
1709,44_32,44,32
1710,44_33,44,33
1711,44_34,44,34
1712,44_35,44,35
1713,44_36,44,36
1714,44_37,44,37
1715,44_38,44,38
1716,44_39,44,39
1717,45_1,45,1
1718,45_2,45,2
1719,45_3,45,3
1720,45_4,45,4
1721,45_5,45,5
1722,45_6,45,6
1723,45_7,45,7
1724,45_8,45,8
1725,45_9,45,9
1726,45_10,45,10
1727,45_11,45,11
1728,45_12,45,12
1729,45_13,45,13
1730,45_14,45,14
1731,45_15,45,15
1732,45_16,45,16
1733,45_17,45,17
1734,45_18,45,18
1735,45_19,45,19
1736,45_20,45,20
1737,45_21,45,21
1738,45_22,45,22
1739,45_23,45,23
1740,45_24,45,24
1741,45_25,45,25
1742,45_26,45,26
1743,45_27,45,27
1744,45_28,45,28
1745,45_29,45,29
1746,45_30,45,30
1747,45_31,45,31
1748,45_32,45,32
1749,45_33,45,33
1750,45_34,45,34
1751,45_35,45,35
1752,45_36,45,36
1753,45_37,45,37
1754,45_38,45,38
1755,45_39,45,39
1756,46_1,46,1
1757,46_2,46,2
1758,46_3,46,3
1759,46_4,46,4
1760,46_5,46,5
1761,46_6,46,6
1762,46_7,46,7
1763,46_8,46,8
1764,46_9,46,9
1765,46_10,46,10
1766,46_11,46,11
1767,46_12,46,12
1768,46_13,46,13
1769,46_14,46,14
1770,46_15,46,15
1771,46_16,46,16
1772,46_17,46,17
1773,46_18,46,18
1774,46_19,46,19
1775,46_20,46,20
1776,46_21,46,21
1777,46_22,46,22
1778,46_23,46,23
1779,46_24,46,24
1780,46_25,46,25
1781,46_26,46,26
1782,46_27,46,27
1783,46_28,46,28
1784,46_29,46,29
1785,46_30,46,30
1786,46_31,46,31
1787,46_32,46,32
1788,46_33,46,33
1789,46_34,46,34
1790,46_35,46,35
1791,46_36,46,36
1792,46_37,46,37
1793,46_38,46,38
1794,46_39,46,39
1795,47_1,47,1
1796,47_2,47,2
1797,47_3,47,3
1798,47_4,47,4
1799,47_5,47,5
1800,47_6,47,6
1801,47_7,47,7
1802,47_8,47,8
1803,47_9,47,9
1804,47_10,47,10
1805,47_11,47,11
1806,47_12,47,12
1807,47_13,47,13
1808,47_14,47,14
1809,47_15,47,15
1810,47_16,47,16
1811,47_17,47,17
1812,47_18,47,18
1813,47_19,47,19
1814,47_20,47,20
1815,47_21,47,21
1816,47_22,47,22
1817,47_23,47,23
1818,47_24,47,24
1819,47_25,47,25
1820,47_26,47,26
1821,47_27,47,27
1822,47_28,47,28
1823,47_29,47,29
1824,47_30,47,30
1825,47_31,47,31
1826,47_32,47,32
1827,47_33,47,33
1828,47_34,47,34
1829,47_35,47,35
1830,47_36,47,36
1831,47_37,47,37
1832,47_38,47,38
1833,47_39,47,39
1834,48_1,48,1
1835,48_2,48,2
1836,48_3,48,3
1837,48_4,48,4
1838,48_5,48,5
1839,48_6,48,6
1840,48_7,48,7
1841,48_8,48,8
1842,48_9,48,9
1843,48_10,48,10
1844,48_11,48,11
1845,48_12,48,12
1846,48_13,48,13
1847,48_14,48,14
1848,48_15,48,15
1849,48_16,48,16
1850,48_17,48,17
1851,48_18,48,18
1852,48_19,48,19
1853,48_20,48,20
1854,48_21,48,21
1855,48_22,48,22
1856,48_23,48,23
1857,48_24,48,24
1858,48_25,48,25
1859,48_26,48,26
1860,48_27,48,27
1861,48_28,48,28
1862,48_29,48,29
1863,48_30,48,30
1864,48_31,48,31
1865,48_32,48,32
1866,48_33,48,33
1867,48_34,48,34
1868,48_35,48,35
1869,48_36,48,36
1870,48_37,48,37
1871,48_38,48,38
1872,48_39,48,39
1873,49_1,49,1
1874,49_2,49,2
1875,49_3,49,3
1876,49_4,49,4
1877,49_5,49,5
1878,49_6,49,6
1879,49_7,49,7
1880,49_8,49,8
1881,49_9,49,9
1882,49_10,49,10
1883,49_11,49,11
1884,49_12,49,12
1885,49_13,49,13
1886,49_14,49,14
1887,49_15,49,15
1888,49_16,49,16
1889,49_17,49,17
1890,49_18,49,18
1891,49_19,49,19
1892,49_20,49,20
1893,49_21,49,21
1894,49_22,49,22
1895,49_23,49,23
1896,49_24,49,24
1897,49_25,49,25
1898,49_26,49,26
1899,49_27,49,27
1900,49_28,49,28
1901,49_29,49,29
1902,49_30,49,30
1903,49_31,49,31
1904,49_32,49,32
1905,49_33,49,33
1906,49_34,49,34
1907,49_35,49,35
1908,49_36,49,36
1909,49_37,49,37
1910,49_38,49,38
1911,49_39,49,39
1912,50_1,50,1
1913,50_2,50,2
1914,50_3,50,3
1915,50_4,50,4
1916,50_5,50,5
1917,50_6,50,6
1918,50_7,50,7
1919,50_8,50,8
1920,50_9,50,9
1921,50_10,50,10
1922,50_11,50,11
1923,50_12,50,12
1924,50_13,50,13
1925,50_14,50,14
1926,50_15,50,15
1927,50_16,50,16
1928,50_17,50,17
1929,50_18,50,18
1930,50_19,50,19
1931,50_20,50,20
1932,50_21,50,21
1933,50_22,50,22
1934,50_23,50,23
1935,50_24,50,24
1936,50_25,50,25
1937,50_26,50,26
1938,50_27,50,27
1939,50_28,50,28
1940,50_29,50,29
1941,50_30,50,30
1942,50_31,50,31
1943,50_32,50,32
1944,50_33,50,33
1945,50_34,50,34
1946,50_35,50,35
1947,50_36,50,36
1948,50_37,50,37
1949,50_38,50,38
1950,50_39,50,39
1951,51_1,51,1
1952,51_2,51,2
1953,51_3,51,3
1954,51_4,51,4
1955,51_5,51,5
1956,51_6,51,6
1957,51_7,51,7
1958,51_8,51,8
1959,51_9,51,9
1960,51_10,51,10
1961,51_11,51,11
1962,51_12,51,12
1963,51_13,51,13
1964,51_14,51,14
1965,51_15,51,15
1966,51_16,51,16
1967,51_17,51,17
1968,51_18,51,18
1969,51_19,51,19
1970,51_20,51,20
1971,51_21,51,21
1972,51_22,51,22
1973,51_23,51,23
1974,51_24,51,24
1975,51_25,51,25
1976,51_26,51,26
1977,51_27,51,27
1978,51_28,51,28
1979,51_29,51,29
1980,51_30,51,30
1981,51_31,51,31
1982,51_32,51,32
1983,51_33,51,33
1984,51_34,51,34
1985,51_35,51,35
1986,51_36,51,36
1987,51_37,51,37
1988,51_38,51,38
1989,51_39,51,39
1990,52_1,52,1
1991,52_2,52,2
1992,52_3,52,3
1993,52_4,52,4
1994,52_5,52,5
1995,52_6,52,6
1996,52_7,52,7
1997,52_8,52,8
1998,52_9,52,9
1999,52_10,52,10
2000,52_11,52,11
2001,52_12,52,12
2002,52_13,52,13
2003,52_14,52,14
2004,52_15,52,15
2005,52_16,52,16
2006,52_17,52,17
2007,52_18,52,18
2008,52_19,52,19
2009,52_20,52,20
2010,52_21,52,21
2011,52_22,52,22
2012,52_23,52,23
2013,52_24,52,24
2014,52_25,52,25
2015,52_26,52,26
2016,52_27,52,27
2017,52_28,52,28
2018,52_29,52,29
2019,52_30,52,30
2020,52_31,52,31
2021,52_32,52,32
2022,52_33,52,33
2023,52_34,52,34
2024,52_35,52,35
2025,52_36,52,36
2026,52_37,52,37
2027,52_38,52,38
2028,52_39,52,39
2029,53_1,53,1
2030,53_2,53,2
2031,53_3,53,3
2032,53_4,53,4
2033,53_5,53,5
2034,53_6,53,6
2035,53_7,53,7
2036,53_8,53,8
2037,53_9,53,9
2038,53_10,53,10
2039,53_11,53,11
2040,53_12,53,12
2041,53_13,53,13
2042,53_14,53,14
2043,53_15,53,15
2044,53_16,53,16
2045,53_17,53,17
2046,53_18,53,18
2047,53_19,53,19
2048,53_20,53,20
2049,53_21,53,21
2050,53_22,53,22
2051,53_23,53,23
2052,53_24,53,24
2053,53_25,53,25
2054,53_26,53,26
2055,53_27,53,27
2056,53_28,53,28
2057,53_29,53,29
2058,53_30,53,30
2059,53_31,53,31
2060,53_32,53,32
2061,53_33,53,33
2062,53_34,53,34
2063,53_35,53,35
2064,53_36,53,36
2065,53_37,53,37
2066,53_38,53,38
2067,53_39,53,39
2068,54_1,54,1
2069,54_2,54,2
2070,54_3,54,3
2071,54_4,54,4
2072,54_5,54,5
2073,54_6,54,6
2074,54_7,54,7
2075,54_8,54,8
2076,54_9,54,9
2077,54_10,54,10
2078,54_11,54,11
2079,54_12,54,12
2080,54_13,54,13
2081,54_14,54,14
2082,54_15,54,15
2083,54_16,54,16
2084,54_17,54,17
2085,54_18,54,18
2086,54_19,54,19
2087,54_20,54,20
2088,54_21,54,21
2089,54_22,54,22
2090,54_23,54,23
2091,54_24,54,24
2092,54_25,54,25
2093,54_26,54,26
2094,54_27,54,27
2095,54_28,54,28
2096,54_29,54,29
2097,54_30,54,30
2098,54_31,54,31
2099,54_32,54,32
2100,54_33,54,33
2101,54_34,54,34
2102,54_35,54,35
2103,54_36,54,36
2104,54_37,54,37
2105,54_38,54,38
2106,54_39,54,39
2107,55_1,55,1
2108,55_2,55,2
2109,55_3,55,3
2110,55_4,55,4
2111,55_5,55,5
2112,55_6,55,6
2113,55_7,55,7
2114,55_8,55,8
2115,55_9,55,9
2116,55_10,55,10
2117,55_11,55,11
2118,55_12,55,12
2119,55_13,55,13
2120,55_14,55,14
2121,55_15,55,15
2122,55_16,55,16
2123,55_17,55,17
2124,55_18,55,18
2125,55_19,55,19
2126,55_20,55,20
2127,55_21,55,21
2128,55_22,55,22
2129,55_23,55,23
2130,55_24,55,24
2131,55_25,55,25
2132,55_26,55,26
2133,55_27,55,27
2134,55_28,55,28
2135,55_29,55,29
2136,55_30,55,30
2137,55_31,55,31
2138,55_32,55,32
2139,55_33,55,33
2140,55_34,55,34
2141,55_35,55,35
2142,55_36,55,36
2143,55_37,55,37
2144,55_38,55,38
2145,55_39,55,39
