spat_temp_id,spat_temp_id_str,dbscan_004_5_temp_id,temp_day_id
1,1_1,1,1
2,2_1,2,1
3,3_1,3,1
4,4_1,4,1
5,5_1,5,1
6,6_1,6,1
7,7_1,7,1
8,8_1,8,1
9,9_1,9,1
10,10_1,10,1
11,11_1,11,1
12,12_1,12,1
13,13_1,13,1
14,14_1,14,1
15,15_1,15,1
16,16_1,16,1
17,17_1,17,1
18,18_1,18,1
19,19_1,19,1
20,20_1,20,1
21,21_1,21,1
22,22_1,22,1
23,23_1,23,1
24,24_1,24,1
25,25_1,25,1
26,26_1,26,1
27,27_1,27,1
28,28_1,28,1
29,29_1,29,1
30,30_1,30,1
31,31_1,31,1
32,32_1,32,1
33,33_1,33,1
34,34_1,34,1
35,35_1,35,1
36,36_1,36,1
37,37_1,37,1
38,38_1,38,1
39,39_1,39,1
40,40_1,40,1
41,41_1,41,1
42,42_1,42,1
43,43_1,43,1
44,44_1,44,1
45,45_1,45,1
46,46_1,46,1
47,47_1,47,1
48,48_1,48,1
49,49_1,49,1
50,50_1,50,1
51,51_1,51,1
52,52_1,52,1
53,53_1,53,1
54,54_1,54,1
55,55_1,55,1
56,56_1,56,1
57,57_1,57,1
58,58_1,58,1
59,59_1,59,1
60,60_1,60,1
61,61_1,61,1
62,62_1,62,1
63,63_1,63,1
64,64_1,64,1
65,65_1,65,1
66,66_1,66,1
67,67_1,67,1
68,68_1,68,1
69,69_1,69,1
70,70_1,70,1
71,71_1,71,1
72,72_1,72,1
73,73_1,73,1
74,74_1,74,1
75,75_1,75,1
76,76_1,76,1
77,77_1,77,1
78,78_1,78,1
79,79_1,79,1
80,80_1,80,1
81,81_1,81,1
82,82_1,82,1
83,83_1,83,1
84,84_1,84,1
85,85_1,85,1
86,86_1,86,1
87,87_1,87,1
88,88_1,88,1
89,89_1,89,1
90,90_1,90,1
91,91_1,91,1
92,92_1,92,1
93,93_1,93,1
94,94_1,94,1
95,95_1,95,1
96,96_1,96,1
97,97_1,97,1
98,98_1,98,1
99,99_1,99,1
100,100_1,100,1
101,101_1,101,1
102,102_1,102,1
103,103_1,103,1
104,104_1,104,1
105,105_1,105,1
106,106_1,106,1
107,107_1,107,1
108,108_1,108,1
109,109_1,109,1
110,110_1,110,1
111,111_1,111,1
112,112_1,112,1
113,113_1,113,1
114,114_1,114,1
115,115_1,115,1
116,116_1,116,1
117,117_1,117,1
118,118_1,118,1
119,119_1,119,1
120,120_1,120,1
121,121_1,121,1
122,122_1,122,1
123,123_1,123,1
124,124_1,124,1
125,125_1,125,1
126,126_1,126,1
127,127_1,127,1
128,128_1,128,1
129,129_1,129,1
130,130_1,130,1
131,131_1,131,1
132,132_1,132,1
133,133_1,133,1
134,134_1,134,1
135,135_1,135,1
136,136_1,136,1
137,137_1,137,1
138,138_1,138,1
139,139_1,139,1
140,140_1,140,1
141,141_1,141,1
142,142_1,142,1
143,143_1,143,1
144,144_1,144,1
145,145_1,145,1
146,1_2,1,2
147,2_2,2,2
148,3_2,3,2
149,4_2,4,2
150,5_2,5,2
151,6_2,6,2
152,7_2,7,2
153,8_2,8,2
154,9_2,9,2
155,10_2,10,2
156,11_2,11,2
157,12_2,12,2
158,13_2,13,2
159,14_2,14,2
160,15_2,15,2
161,16_2,16,2
162,17_2,17,2
163,18_2,18,2
164,19_2,19,2
165,20_2,20,2
166,21_2,21,2
167,22_2,22,2
168,23_2,23,2
169,24_2,24,2
170,25_2,25,2
171,26_2,26,2
172,27_2,27,2
173,28_2,28,2
174,29_2,29,2
175,30_2,30,2
176,31_2,31,2
177,32_2,32,2
178,33_2,33,2
179,34_2,34,2
180,35_2,35,2
181,36_2,36,2
182,37_2,37,2
183,38_2,38,2
184,39_2,39,2
185,40_2,40,2
186,41_2,41,2
187,42_2,42,2
188,43_2,43,2
189,44_2,44,2
190,45_2,45,2
191,46_2,46,2
192,47_2,47,2
193,48_2,48,2
194,49_2,49,2
195,50_2,50,2
196,51_2,51,2
197,52_2,52,2
198,53_2,53,2
199,54_2,54,2
200,55_2,55,2
201,56_2,56,2
202,57_2,57,2
203,58_2,58,2
204,59_2,59,2
205,60_2,60,2
206,61_2,61,2
207,62_2,62,2
208,63_2,63,2
209,64_2,64,2
210,65_2,65,2
211,66_2,66,2
212,67_2,67,2
213,68_2,68,2
214,69_2,69,2
215,70_2,70,2
216,71_2,71,2
217,72_2,72,2
218,73_2,73,2
219,74_2,74,2
220,75_2,75,2
221,76_2,76,2
222,77_2,77,2
223,78_2,78,2
224,79_2,79,2
225,80_2,80,2
226,81_2,81,2
227,82_2,82,2
228,83_2,83,2
229,84_2,84,2
230,85_2,85,2
231,86_2,86,2
232,87_2,87,2
233,88_2,88,2
234,89_2,89,2
235,90_2,90,2
236,91_2,91,2
237,92_2,92,2
238,93_2,93,2
239,94_2,94,2
240,95_2,95,2
241,96_2,96,2
242,97_2,97,2
243,98_2,98,2
244,99_2,99,2
245,100_2,100,2
246,101_2,101,2
247,102_2,102,2
248,103_2,103,2
249,104_2,104,2
250,105_2,105,2
251,106_2,106,2
252,107_2,107,2
253,108_2,108,2
254,109_2,109,2
255,110_2,110,2
256,111_2,111,2
257,112_2,112,2
258,113_2,113,2
259,114_2,114,2
260,115_2,115,2
261,1_3,1,3
262,2_3,2,3
263,3_3,3,3
264,4_3,4,3
265,5_3,5,3
266,6_3,6,3
267,7_3,7,3
268,8_3,8,3
269,9_3,9,3
270,10_3,10,3
271,11_3,11,3
272,12_3,12,3
273,13_3,13,3
274,14_3,14,3
275,15_3,15,3
276,16_3,16,3
277,17_3,17,3
278,18_3,18,3
279,19_3,19,3
280,20_3,20,3
281,21_3,21,3
282,22_3,22,3
283,23_3,23,3
284,24_3,24,3
285,25_3,25,3
286,26_3,26,3
287,27_3,27,3
288,28_3,28,3
289,29_3,29,3
290,30_3,30,3
291,31_3,31,3
292,32_3,32,3
293,33_3,33,3
294,34_3,34,3
295,35_3,35,3
296,36_3,36,3
297,37_3,37,3
298,38_3,38,3
299,39_3,39,3
300,40_3,40,3
301,41_3,41,3
302,42_3,42,3
303,43_3,43,3
304,44_3,44,3
305,45_3,45,3
306,46_3,46,3
307,47_3,47,3
308,48_3,48,3
309,49_3,49,3
310,50_3,50,3
311,51_3,51,3
312,52_3,52,3
313,53_3,53,3
314,54_3,54,3
315,55_3,55,3
316,56_3,56,3
317,57_3,57,3
318,58_3,58,3
319,59_3,59,3
320,60_3,60,3
321,61_3,61,3
322,62_3,62,3
323,63_3,63,3
324,64_3,64,3
325,65_3,65,3
326,66_3,66,3
327,67_3,67,3
328,68_3,68,3
329,69_3,69,3
330,70_3,70,3
331,71_3,71,3
332,72_3,72,3
333,73_3,73,3
334,74_3,74,3
335,75_3,75,3
336,76_3,76,3
337,77_3,77,3
338,78_3,78,3
339,79_3,79,3
340,80_3,80,3
341,81_3,81,3
342,82_3,82,3
343,83_3,83,3
344,84_3,84,3
345,85_3,85,3
346,86_3,86,3
347,87_3,87,3
348,88_3,88,3
349,89_3,89,3
350,90_3,90,3
351,91_3,91,3
352,92_3,92,3
353,93_3,93,3
354,94_3,94,3
355,95_3,95,3
356,96_3,96,3
357,97_3,97,3
358,98_3,98,3
359,99_3,99,3
360,100_3,100,3
361,101_3,101,3
362,102_3,102,3
363,103_3,103,3
364,104_3,104,3
365,105_3,105,3
366,106_3,106,3
367,107_3,107,3
368,108_3,108,3
369,109_3,109,3
370,110_3,110,3
371,111_3,111,3
372,112_3,112,3
373,113_3,113,3
374,114_3,114,3
375,115_3,115,3
376,116_3,116,3
377,117_3,117,3
378,118_3,118,3
379,119_3,119,3
380,120_3,120,3
381,121_3,121,3
382,122_3,122,3
383,123_3,123,3
384,124_3,124,3
385,125_3,125,3
386,126_3,126,3
387,127_3,127,3
388,128_3,128,3
389,129_3,129,3
390,130_3,130,3
391,131_3,131,3
392,132_3,132,3
393,133_3,133,3
394,134_3,134,3
395,135_3,135,3
396,1_4,1,4
397,2_4,2,4
398,3_4,3,4
399,4_4,4,4
400,5_4,5,4
401,6_4,6,4
402,7_4,7,4
403,8_4,8,4
404,9_4,9,4
405,10_4,10,4
406,11_4,11,4
407,12_4,12,4
408,13_4,13,4
409,14_4,14,4
410,15_4,15,4
411,16_4,16,4
412,17_4,17,4
413,18_4,18,4
414,19_4,19,4
415,20_4,20,4
416,21_4,21,4
417,22_4,22,4
418,23_4,23,4
419,24_4,24,4
420,25_4,25,4
421,26_4,26,4
422,27_4,27,4
423,28_4,28,4
424,29_4,29,4
425,30_4,30,4
426,31_4,31,4
427,32_4,32,4
428,33_4,33,4
429,34_4,34,4
430,35_4,35,4
431,36_4,36,4
432,37_4,37,4
433,38_4,38,4
434,39_4,39,4
435,40_4,40,4
436,41_4,41,4
437,42_4,42,4
438,43_4,43,4
439,44_4,44,4
440,45_4,45,4
441,46_4,46,4
442,47_4,47,4
443,48_4,48,4
444,49_4,49,4
445,50_4,50,4
446,51_4,51,4
447,52_4,52,4
448,53_4,53,4
449,54_4,54,4
450,55_4,55,4
451,56_4,56,4
452,57_4,57,4
453,58_4,58,4
454,59_4,59,4
455,60_4,60,4
456,61_4,61,4
457,62_4,62,4
458,63_4,63,4
459,64_4,64,4
460,65_4,65,4
461,66_4,66,4
462,67_4,67,4
463,68_4,68,4
464,69_4,69,4
465,70_4,70,4
466,71_4,71,4
467,72_4,72,4
468,73_4,73,4
469,74_4,74,4
470,75_4,75,4
471,76_4,76,4
472,77_4,77,4
473,78_4,78,4
474,79_4,79,4
475,80_4,80,4
476,81_4,81,4
477,82_4,82,4
478,83_4,83,4
479,84_4,84,4
480,85_4,85,4
481,86_4,86,4
482,87_4,87,4
483,88_4,88,4
484,89_4,89,4
485,90_4,90,4
486,91_4,91,4
487,92_4,92,4
488,93_4,93,4
489,94_4,94,4
490,95_4,95,4
491,96_4,96,4
492,97_4,97,4
493,98_4,98,4
494,99_4,99,4
495,100_4,100,4
496,101_4,101,4
497,102_4,102,4
498,103_4,103,4
499,104_4,104,4
500,105_4,105,4
501,106_4,106,4
502,107_4,107,4
503,108_4,108,4
504,109_4,109,4
505,110_4,110,4
506,111_4,111,4
507,112_4,112,4
508,1_5,1,5
509,2_5,2,5
510,3_5,3,5
511,4_5,4,5
512,5_5,5,5
513,6_5,6,5
514,7_5,7,5
515,8_5,8,5
516,9_5,9,5
517,10_5,10,5
518,11_5,11,5
519,12_5,12,5
520,13_5,13,5
521,14_5,14,5
522,15_5,15,5
523,16_5,16,5
524,17_5,17,5
525,18_5,18,5
526,19_5,19,5
527,20_5,20,5
528,21_5,21,5
529,22_5,22,5
530,23_5,23,5
531,24_5,24,5
532,25_5,25,5
533,26_5,26,5
534,27_5,27,5
535,28_5,28,5
536,29_5,29,5
537,30_5,30,5
538,31_5,31,5
539,32_5,32,5
540,33_5,33,5
541,34_5,34,5
542,35_5,35,5
543,36_5,36,5
544,37_5,37,5
545,38_5,38,5
546,39_5,39,5
547,40_5,40,5
548,41_5,41,5
549,42_5,42,5
550,43_5,43,5
551,44_5,44,5
552,45_5,45,5
553,46_5,46,5
554,47_5,47,5
555,48_5,48,5
556,49_5,49,5
557,50_5,50,5
558,51_5,51,5
559,52_5,52,5
560,53_5,53,5
561,54_5,54,5
562,55_5,55,5
563,56_5,56,5
564,57_5,57,5
565,58_5,58,5
566,59_5,59,5
567,60_5,60,5
568,61_5,61,5
569,62_5,62,5
570,63_5,63,5
571,64_5,64,5
572,65_5,65,5
573,66_5,66,5
574,67_5,67,5
575,68_5,68,5
576,69_5,69,5
577,70_5,70,5
578,71_5,71,5
579,72_5,72,5
580,73_5,73,5
581,74_5,74,5
582,75_5,75,5
583,76_5,76,5
584,77_5,77,5
585,78_5,78,5
586,79_5,79,5
587,80_5,80,5
588,81_5,81,5
589,82_5,82,5
590,83_5,83,5
591,84_5,84,5
592,85_5,85,5
593,86_5,86,5
594,87_5,87,5
595,88_5,88,5
596,89_5,89,5
597,90_5,90,5
598,91_5,91,5
599,92_5,92,5
600,93_5,93,5
601,94_5,94,5
602,95_5,95,5
603,96_5,96,5
604,97_5,97,5
605,98_5,98,5
606,99_5,99,5
607,100_5,100,5
608,101_5,101,5
609,102_5,102,5
610,103_5,103,5
611,104_5,104,5
612,105_5,105,5
613,106_5,106,5
614,107_5,107,5
615,108_5,108,5
616,109_5,109,5
617,110_5,110,5
618,111_5,111,5
619,112_5,112,5
620,113_5,113,5
621,114_5,114,5
622,115_5,115,5
623,116_5,116,5
624,117_5,117,5
625,118_5,118,5
626,119_5,119,5
627,120_5,120,5
628,121_5,121,5
629,122_5,122,5
630,123_5,123,5
631,1_6,1,6
632,2_6,2,6
633,3_6,3,6
634,4_6,4,6
635,5_6,5,6
636,6_6,6,6
637,7_6,7,6
638,8_6,8,6
639,9_6,9,6
640,10_6,10,6
641,11_6,11,6
642,12_6,12,6
643,13_6,13,6
644,14_6,14,6
645,15_6,15,6
646,16_6,16,6
647,17_6,17,6
648,18_6,18,6
649,19_6,19,6
650,20_6,20,6
651,21_6,21,6
652,22_6,22,6
653,23_6,23,6
654,24_6,24,6
655,25_6,25,6
656,26_6,26,6
657,27_6,27,6
658,28_6,28,6
659,29_6,29,6
660,30_6,30,6
661,31_6,31,6
662,32_6,32,6
663,33_6,33,6
664,34_6,34,6
665,35_6,35,6
666,36_6,36,6
667,37_6,37,6
668,38_6,38,6
669,39_6,39,6
670,40_6,40,6
671,41_6,41,6
672,42_6,42,6
673,43_6,43,6
674,44_6,44,6
675,45_6,45,6
676,46_6,46,6
677,47_6,47,6
678,48_6,48,6
679,49_6,49,6
680,50_6,50,6
681,51_6,51,6
682,52_6,52,6
683,53_6,53,6
684,54_6,54,6
685,55_6,55,6
686,56_6,56,6
687,57_6,57,6
688,58_6,58,6
689,59_6,59,6
690,60_6,60,6
691,61_6,61,6
692,62_6,62,6
693,63_6,63,6
694,64_6,64,6
695,65_6,65,6
696,66_6,66,6
697,67_6,67,6
698,68_6,68,6
699,69_6,69,6
700,70_6,70,6
701,71_6,71,6
702,72_6,72,6
703,73_6,73,6
704,74_6,74,6
705,75_6,75,6
706,76_6,76,6
707,77_6,77,6
708,78_6,78,6
709,79_6,79,6
710,80_6,80,6
711,81_6,81,6
712,82_6,82,6
713,83_6,83,6
714,84_6,84,6
715,85_6,85,6
716,86_6,86,6
717,87_6,87,6
718,88_6,88,6
719,89_6,89,6
720,90_6,90,6
721,91_6,91,6
722,92_6,92,6
723,93_6,93,6
724,94_6,94,6
725,95_6,95,6
726,96_6,96,6
727,97_6,97,6
728,98_6,98,6
729,99_6,99,6
730,100_6,100,6
731,101_6,101,6
732,102_6,102,6
733,103_6,103,6
734,104_6,104,6
735,105_6,105,6
736,106_6,106,6
737,107_6,107,6
738,108_6,108,6
739,109_6,109,6
740,110_6,110,6
741,111_6,111,6
742,112_6,112,6
743,113_6,113,6
744,114_6,114,6
745,115_6,115,6
746,116_6,116,6
747,117_6,117,6
748,118_6,118,6
749,119_6,119,6
750,120_6,120,6
751,121_6,121,6
752,122_6,122,6
753,123_6,123,6
754,124_6,124,6
755,125_6,125,6
756,126_6,126,6
757,127_6,127,6
758,128_6,128,6
759,1_7,1,7
760,2_7,2,7
761,3_7,3,7
762,4_7,4,7
763,5_7,5,7
764,6_7,6,7
765,7_7,7,7
766,8_7,8,7
767,9_7,9,7
768,10_7,10,7
769,11_7,11,7
770,12_7,12,7
771,13_7,13,7
772,14_7,14,7
773,15_7,15,7
774,16_7,16,7
775,17_7,17,7
776,18_7,18,7
777,19_7,19,7
778,20_7,20,7
779,21_7,21,7
780,22_7,22,7
781,23_7,23,7
782,24_7,24,7
783,25_7,25,7
784,26_7,26,7
785,27_7,27,7
786,28_7,28,7
787,29_7,29,7
788,30_7,30,7
789,31_7,31,7
790,32_7,32,7
791,33_7,33,7
792,34_7,34,7
793,35_7,35,7
794,36_7,36,7
795,37_7,37,7
796,38_7,38,7
797,39_7,39,7
798,40_7,40,7
799,41_7,41,7
800,42_7,42,7
801,43_7,43,7
802,44_7,44,7
803,45_7,45,7
804,46_7,46,7
805,47_7,47,7
806,48_7,48,7
807,49_7,49,7
808,50_7,50,7
809,51_7,51,7
810,52_7,52,7
811,53_7,53,7
812,54_7,54,7
813,55_7,55,7
814,56_7,56,7
815,57_7,57,7
816,58_7,58,7
817,59_7,59,7
818,60_7,60,7
819,61_7,61,7
820,62_7,62,7
821,63_7,63,7
822,64_7,64,7
823,65_7,65,7
824,66_7,66,7
825,67_7,67,7
826,68_7,68,7
827,69_7,69,7
828,70_7,70,7
829,71_7,71,7
830,72_7,72,7
831,73_7,73,7
832,74_7,74,7
833,75_7,75,7
834,76_7,76,7
835,77_7,77,7
836,78_7,78,7
837,79_7,79,7
838,80_7,80,7
839,81_7,81,7
840,82_7,82,7
841,83_7,83,7
842,84_7,84,7
843,85_7,85,7
844,86_7,86,7
845,87_7,87,7
846,88_7,88,7
847,89_7,89,7
848,90_7,90,7
849,91_7,91,7
850,92_7,92,7
851,93_7,93,7
852,94_7,94,7
853,95_7,95,7
854,96_7,96,7
855,97_7,97,7
856,98_7,98,7
857,99_7,99,7
858,100_7,100,7
859,101_7,101,7
860,102_7,102,7
861,103_7,103,7
862,104_7,104,7
863,105_7,105,7
864,106_7,106,7
865,107_7,107,7
866,108_7,108,7
867,109_7,109,7
868,110_7,110,7
869,111_7,111,7
870,112_7,112,7
871,113_7,113,7
872,114_7,114,7
873,115_7,115,7
874,116_7,116,7
875,117_7,117,7
876,118_7,118,7
877,119_7,119,7
878,120_7,120,7
879,121_7,121,7
880,122_7,122,7
881,123_7,123,7
882,124_7,124,7
883,125_7,125,7
884,126_7,126,7
885,127_7,127,7
886,128_7,128,7
887,129_7,129,7
888,130_7,130,7
889,131_7,131,7
890,132_7,132,7
891,133_7,133,7
892,134_7,134,7
893,135_7,135,7
894,136_7,136,7
895,137_7,137,7
896,138_7,138,7
897,139_7,139,7
898,140_7,140,7
899,141_7,141,7
900,142_7,142,7
901,143_7,143,7
902,144_7,144,7
903,145_7,145,7
904,146_7,146,7
905,147_7,147,7
906,148_7,148,7
907,149_7,149,7
908,150_7,150,7
909,151_7,151,7
910,152_7,152,7
911,153_7,153,7
912,154_7,154,7
913,155_7,155,7
914,1_8,1,8
915,2_8,2,8
916,3_8,3,8
917,4_8,4,8
918,5_8,5,8
919,6_8,6,8
920,7_8,7,8
921,8_8,8,8
922,9_8,9,8
923,10_8,10,8
924,11_8,11,8
925,12_8,12,8
926,13_8,13,8
927,14_8,14,8
928,15_8,15,8
929,16_8,16,8
930,17_8,17,8
931,18_8,18,8
932,19_8,19,8
933,20_8,20,8
934,21_8,21,8
935,22_8,22,8
936,23_8,23,8
937,24_8,24,8
938,25_8,25,8
939,26_8,26,8
940,27_8,27,8
941,28_8,28,8
942,29_8,29,8
943,30_8,30,8
944,31_8,31,8
945,32_8,32,8
946,33_8,33,8
947,34_8,34,8
948,35_8,35,8
949,36_8,36,8
950,37_8,37,8
951,38_8,38,8
952,39_8,39,8
953,40_8,40,8
954,41_8,41,8
955,42_8,42,8
956,43_8,43,8
957,44_8,44,8
958,45_8,45,8
959,46_8,46,8
960,47_8,47,8
961,48_8,48,8
962,49_8,49,8
963,50_8,50,8
964,51_8,51,8
965,52_8,52,8
966,53_8,53,8
967,54_8,54,8
968,55_8,55,8
969,56_8,56,8
970,57_8,57,8
971,58_8,58,8
972,59_8,59,8
973,60_8,60,8
974,61_8,61,8
975,62_8,62,8
976,63_8,63,8
977,64_8,64,8
978,65_8,65,8
979,66_8,66,8
980,67_8,67,8
981,68_8,68,8
982,69_8,69,8
983,70_8,70,8
984,71_8,71,8
985,72_8,72,8
986,73_8,73,8
987,74_8,74,8
988,75_8,75,8
989,76_8,76,8
990,77_8,77,8
991,78_8,78,8
992,79_8,79,8
993,80_8,80,8
994,81_8,81,8
995,82_8,82,8
996,83_8,83,8
997,84_8,84,8
998,85_8,85,8
999,86_8,86,8
1000,87_8,87,8
1001,88_8,88,8
1002,89_8,89,8
1003,90_8,90,8
1004,91_8,91,8
1005,92_8,92,8
1006,93_8,93,8
1007,94_8,94,8
1008,95_8,95,8
1009,96_8,96,8
1010,97_8,97,8
1011,98_8,98,8
1012,99_8,99,8
1013,100_8,100,8
1014,101_8,101,8
1015,102_8,102,8
1016,103_8,103,8
1017,104_8,104,8
1018,105_8,105,8
1019,106_8,106,8
1020,107_8,107,8
1021,108_8,108,8
1022,109_8,109,8
1023,110_8,110,8
1024,111_8,111,8
1025,112_8,112,8
1026,113_8,113,8
1027,114_8,114,8
1028,115_8,115,8
1029,116_8,116,8
1030,117_8,117,8
1031,118_8,118,8
1032,119_8,119,8
1033,120_8,120,8
1034,121_8,121,8
1035,122_8,122,8
1036,123_8,123,8
1037,124_8,124,8
1038,125_8,125,8
1039,126_8,126,8
1040,127_8,127,8
1041,128_8,128,8
1042,129_8,129,8
1043,130_8,130,8
1044,131_8,131,8
1045,132_8,132,8
1046,133_8,133,8
1047,134_8,134,8
1048,1_9,1,9
1049,2_9,2,9
1050,3_9,3,9
1051,4_9,4,9
1052,5_9,5,9
1053,6_9,6,9
1054,7_9,7,9
1055,8_9,8,9
1056,9_9,9,9
1057,10_9,10,9
1058,11_9,11,9
1059,12_9,12,9
1060,13_9,13,9
1061,14_9,14,9
1062,15_9,15,9
1063,16_9,16,9
1064,17_9,17,9
1065,18_9,18,9
1066,19_9,19,9
1067,20_9,20,9
1068,21_9,21,9
1069,22_9,22,9
1070,23_9,23,9
1071,24_9,24,9
1072,25_9,25,9
1073,26_9,26,9
1074,27_9,27,9
1075,28_9,28,9
1076,29_9,29,9
1077,30_9,30,9
1078,31_9,31,9
1079,32_9,32,9
1080,33_9,33,9
1081,34_9,34,9
1082,35_9,35,9
1083,36_9,36,9
1084,37_9,37,9
1085,38_9,38,9
1086,39_9,39,9
1087,40_9,40,9
1088,41_9,41,9
1089,42_9,42,9
1090,43_9,43,9
1091,44_9,44,9
1092,45_9,45,9
1093,46_9,46,9
1094,47_9,47,9
1095,48_9,48,9
1096,49_9,49,9
1097,50_9,50,9
1098,51_9,51,9
1099,52_9,52,9
1100,53_9,53,9
1101,54_9,54,9
1102,55_9,55,9
1103,56_9,56,9
1104,57_9,57,9
1105,58_9,58,9
1106,59_9,59,9
1107,60_9,60,9
1108,61_9,61,9
1109,62_9,62,9
1110,63_9,63,9
1111,64_9,64,9
1112,65_9,65,9
1113,66_9,66,9
1114,67_9,67,9
1115,68_9,68,9
1116,69_9,69,9
1117,70_9,70,9
1118,71_9,71,9
1119,72_9,72,9
1120,73_9,73,9
1121,74_9,74,9
1122,75_9,75,9
1123,76_9,76,9
1124,77_9,77,9
1125,78_9,78,9
1126,79_9,79,9
1127,80_9,80,9
1128,81_9,81,9
1129,82_9,82,9
1130,83_9,83,9
1131,84_9,84,9
1132,85_9,85,9
1133,86_9,86,9
1134,87_9,87,9
1135,88_9,88,9
1136,89_9,89,9
1137,90_9,90,9
1138,91_9,91,9
1139,92_9,92,9
1140,93_9,93,9
1141,94_9,94,9
1142,95_9,95,9
1143,96_9,96,9
1144,97_9,97,9
1145,98_9,98,9
1146,99_9,99,9
1147,100_9,100,9
1148,101_9,101,9
1149,1_10,1,10
1150,2_10,2,10
1151,3_10,3,10
1152,4_10,4,10
1153,5_10,5,10
1154,6_10,6,10
1155,7_10,7,10
1156,8_10,8,10
1157,9_10,9,10
1158,10_10,10,10
1159,11_10,11,10
1160,12_10,12,10
1161,13_10,13,10
1162,14_10,14,10
1163,15_10,15,10
1164,16_10,16,10
1165,17_10,17,10
1166,18_10,18,10
1167,19_10,19,10
1168,20_10,20,10
1169,21_10,21,10
1170,22_10,22,10
1171,23_10,23,10
1172,24_10,24,10
1173,25_10,25,10
1174,26_10,26,10
1175,27_10,27,10
1176,28_10,28,10
1177,29_10,29,10
1178,30_10,30,10
1179,31_10,31,10
1180,32_10,32,10
1181,33_10,33,10
1182,34_10,34,10
1183,35_10,35,10
1184,36_10,36,10
1185,37_10,37,10
1186,38_10,38,10
1187,39_10,39,10
1188,40_10,40,10
1189,41_10,41,10
1190,42_10,42,10
1191,43_10,43,10
1192,44_10,44,10
1193,45_10,45,10
1194,46_10,46,10
1195,47_10,47,10
1196,48_10,48,10
1197,49_10,49,10
1198,50_10,50,10
1199,51_10,51,10
1200,52_10,52,10
1201,53_10,53,10
1202,54_10,54,10
1203,55_10,55,10
1204,56_10,56,10
1205,57_10,57,10
1206,58_10,58,10
1207,59_10,59,10
1208,60_10,60,10
1209,61_10,61,10
1210,62_10,62,10
1211,63_10,63,10
1212,64_10,64,10
1213,65_10,65,10
1214,66_10,66,10
1215,67_10,67,10
1216,68_10,68,10
1217,69_10,69,10
1218,70_10,70,10
1219,71_10,71,10
1220,72_10,72,10
1221,73_10,73,10
1222,74_10,74,10
1223,75_10,75,10
1224,76_10,76,10
1225,77_10,77,10
1226,78_10,78,10
1227,79_10,79,10
1228,80_10,80,10
1229,81_10,81,10
1230,82_10,82,10
1231,83_10,83,10
1232,84_10,84,10
1233,85_10,85,10
1234,86_10,86,10
1235,87_10,87,10
1236,88_10,88,10
1237,89_10,89,10
1238,90_10,90,10
1239,91_10,91,10
1240,92_10,92,10
1241,93_10,93,10
1242,94_10,94,10
1243,95_10,95,10
1244,96_10,96,10
1245,97_10,97,10
1246,98_10,98,10
1247,99_10,99,10
1248,100_10,100,10
1249,101_10,101,10
1250,102_10,102,10
1251,103_10,103,10
1252,104_10,104,10
1253,105_10,105,10
1254,106_10,106,10
1255,107_10,107,10
1256,108_10,108,10
1257,109_10,109,10
1258,110_10,110,10
1259,111_10,111,10
1260,112_10,112,10
1261,113_10,113,10
1262,114_10,114,10
1263,115_10,115,10
1264,116_10,116,10
1265,117_10,117,10
1266,118_10,118,10
1267,119_10,119,10
1268,120_10,120,10
1269,121_10,121,10
1270,122_10,122,10
1271,123_10,123,10
1272,124_10,124,10
1273,125_10,125,10
1274,126_10,126,10
1275,127_10,127,10
1276,128_10,128,10
1277,129_10,129,10
1278,130_10,130,10
1279,131_10,131,10
1280,132_10,132,10
1281,133_10,133,10
1282,134_10,134,10
1283,135_10,135,10
1284,1_11,1,11
1285,2_11,2,11
1286,3_11,3,11
1287,4_11,4,11
1288,5_11,5,11
1289,6_11,6,11
1290,7_11,7,11
1291,8_11,8,11
1292,9_11,9,11
1293,10_11,10,11
1294,11_11,11,11
1295,12_11,12,11
1296,13_11,13,11
1297,14_11,14,11
1298,15_11,15,11
1299,16_11,16,11
1300,17_11,17,11
1301,18_11,18,11
1302,19_11,19,11
1303,20_11,20,11
1304,21_11,21,11
1305,22_11,22,11
1306,23_11,23,11
1307,24_11,24,11
1308,25_11,25,11
1309,26_11,26,11
1310,27_11,27,11
1311,28_11,28,11
1312,29_11,29,11
1313,30_11,30,11
1314,31_11,31,11
1315,32_11,32,11
1316,33_11,33,11
1317,34_11,34,11
1318,35_11,35,11
1319,36_11,36,11
1320,37_11,37,11
1321,38_11,38,11
1322,39_11,39,11
1323,40_11,40,11
1324,41_11,41,11
1325,42_11,42,11
1326,43_11,43,11
1327,44_11,44,11
1328,45_11,45,11
1329,46_11,46,11
1330,47_11,47,11
1331,48_11,48,11
1332,49_11,49,11
1333,50_11,50,11
1334,51_11,51,11
1335,52_11,52,11
1336,53_11,53,11
1337,54_11,54,11
1338,55_11,55,11
1339,56_11,56,11
1340,57_11,57,11
1341,58_11,58,11
1342,59_11,59,11
1343,60_11,60,11
1344,61_11,61,11
1345,62_11,62,11
1346,63_11,63,11
1347,64_11,64,11
1348,65_11,65,11
1349,66_11,66,11
1350,67_11,67,11
1351,68_11,68,11
1352,69_11,69,11
1353,70_11,70,11
1354,71_11,71,11
1355,72_11,72,11
1356,73_11,73,11
1357,74_11,74,11
1358,75_11,75,11
1359,76_11,76,11
1360,77_11,77,11
1361,78_11,78,11
1362,79_11,79,11
1363,80_11,80,11
1364,81_11,81,11
1365,82_11,82,11
1366,83_11,83,11
1367,84_11,84,11
1368,85_11,85,11
1369,86_11,86,11
1370,87_11,87,11
1371,88_11,88,11
1372,89_11,89,11
1373,90_11,90,11
1374,91_11,91,11
1375,92_11,92,11
1376,93_11,93,11
1377,94_11,94,11
1378,95_11,95,11
1379,96_11,96,11
1380,97_11,97,11
1381,98_11,98,11
1382,99_11,99,11
1383,100_11,100,11
1384,101_11,101,11
1385,102_11,102,11
1386,103_11,103,11
1387,104_11,104,11
1388,105_11,105,11
1389,106_11,106,11
1390,107_11,107,11
1391,108_11,108,11
1392,109_11,109,11
1393,110_11,110,11
1394,111_11,111,11
1395,112_11,112,11
1396,113_11,113,11
1397,114_11,114,11
1398,115_11,115,11
1399,116_11,116,11
1400,117_11,117,11
1401,118_11,118,11
1402,119_11,119,11
1403,120_11,120,11
1404,121_11,121,11
1405,122_11,122,11
1406,123_11,123,11
1407,124_11,124,11
1408,125_11,125,11
1409,126_11,126,11
1410,127_11,127,11
1411,128_11,128,11
1412,129_11,129,11
1413,130_11,130,11
1414,131_11,131,11
1415,132_11,132,11
1416,133_11,133,11
1417,134_11,134,11
1418,135_11,135,11
1419,136_11,136,11
1420,137_11,137,11
1421,138_11,138,11
1422,139_11,139,11
1423,140_11,140,11
1424,141_11,141,11
1425,142_11,142,11
1426,143_11,143,11
1427,144_11,144,11
1428,145_11,145,11
1429,146_11,146,11
1430,147_11,147,11
1431,148_11,148,11
1432,149_11,149,11
1433,150_11,150,11
1434,151_11,151,11
1435,152_11,152,11
1436,153_11,153,11
1437,154_11,154,11
1438,1_12,1,12
1439,2_12,2,12
1440,3_12,3,12
1441,4_12,4,12
1442,5_12,5,12
1443,6_12,6,12
1444,7_12,7,12
1445,8_12,8,12
1446,9_12,9,12
1447,10_12,10,12
1448,11_12,11,12
1449,12_12,12,12
1450,13_12,13,12
1451,14_12,14,12
1452,15_12,15,12
1453,16_12,16,12
1454,17_12,17,12
1455,18_12,18,12
1456,19_12,19,12
1457,20_12,20,12
1458,21_12,21,12
1459,22_12,22,12
1460,23_12,23,12
1461,24_12,24,12
1462,25_12,25,12
1463,26_12,26,12
1464,27_12,27,12
1465,28_12,28,12
1466,29_12,29,12
1467,30_12,30,12
1468,31_12,31,12
1469,32_12,32,12
1470,33_12,33,12
1471,34_12,34,12
1472,35_12,35,12
1473,36_12,36,12
1474,37_12,37,12
1475,38_12,38,12
1476,39_12,39,12
1477,40_12,40,12
1478,41_12,41,12
1479,42_12,42,12
1480,43_12,43,12
1481,44_12,44,12
1482,45_12,45,12
1483,46_12,46,12
1484,47_12,47,12
1485,48_12,48,12
1486,49_12,49,12
1487,50_12,50,12
1488,51_12,51,12
1489,52_12,52,12
1490,53_12,53,12
1491,54_12,54,12
1492,55_12,55,12
1493,56_12,56,12
1494,57_12,57,12
1495,58_12,58,12
1496,59_12,59,12
1497,60_12,60,12
1498,61_12,61,12
1499,62_12,62,12
1500,63_12,63,12
1501,64_12,64,12
1502,65_12,65,12
1503,66_12,66,12
1504,67_12,67,12
1505,68_12,68,12
1506,69_12,69,12
1507,70_12,70,12
1508,71_12,71,12
1509,72_12,72,12
1510,73_12,73,12
1511,74_12,74,12
1512,75_12,75,12
1513,76_12,76,12
1514,77_12,77,12
1515,78_12,78,12
1516,79_12,79,12
1517,80_12,80,12
1518,81_12,81,12
1519,82_12,82,12
1520,83_12,83,12
1521,84_12,84,12
1522,85_12,85,12
1523,86_12,86,12
1524,87_12,87,12
1525,88_12,88,12
1526,89_12,89,12
1527,90_12,90,12
1528,91_12,91,12
1529,92_12,92,12
1530,93_12,93,12
1531,94_12,94,12
1532,95_12,95,12
1533,96_12,96,12
1534,97_12,97,12
1535,98_12,98,12
1536,99_12,99,12
1537,100_12,100,12
1538,101_12,101,12
1539,102_12,102,12
1540,103_12,103,12
1541,104_12,104,12
1542,105_12,105,12
1543,106_12,106,12
1544,107_12,107,12
1545,108_12,108,12
1546,109_12,109,12
1547,110_12,110,12
1548,111_12,111,12
1549,112_12,112,12
1550,113_12,113,12
1551,114_12,114,12
1552,115_12,115,12
1553,116_12,116,12
1554,117_12,117,12
1555,118_12,118,12
1556,119_12,119,12
1557,120_12,120,12
1558,121_12,121,12
1559,122_12,122,12
1560,123_12,123,12
1561,124_12,124,12
1562,125_12,125,12
1563,126_12,126,12
1564,127_12,127,12
1565,128_12,128,12
1566,129_12,129,12
1567,130_12,130,12
1568,131_12,131,12
1569,132_12,132,12
1570,133_12,133,12
1571,134_12,134,12
1572,135_12,135,12
1573,136_12,136,12
1574,137_12,137,12
1575,138_12,138,12
1576,139_12,139,12
1577,140_12,140,12
1578,141_12,141,12
1579,142_12,142,12
1580,143_12,143,12
1581,144_12,144,12
1582,145_12,145,12
1583,146_12,146,12
1584,147_12,147,12
1585,148_12,148,12
1586,149_12,149,12
1587,150_12,150,12
1588,151_12,151,12
1589,152_12,152,12
1590,153_12,153,12
1591,154_12,154,12
1592,155_12,155,12
1593,156_12,156,12
1594,157_12,157,12
1595,158_12,158,12
1596,159_12,159,12
1597,160_12,160,12
1598,161_12,161,12
1599,162_12,162,12
1600,163_12,163,12
1601,164_12,164,12
1602,165_12,165,12
1603,166_12,166,12
1604,167_12,167,12
1605,168_12,168,12
1606,169_12,169,12
1607,1_13,1,13
1608,2_13,2,13
1609,3_13,3,13
1610,4_13,4,13
1611,5_13,5,13
1612,6_13,6,13
1613,7_13,7,13
1614,8_13,8,13
1615,9_13,9,13
1616,10_13,10,13
1617,11_13,11,13
1618,12_13,12,13
1619,13_13,13,13
1620,14_13,14,13
1621,15_13,15,13
1622,16_13,16,13
1623,17_13,17,13
1624,18_13,18,13
1625,19_13,19,13
1626,20_13,20,13
1627,21_13,21,13
1628,22_13,22,13
1629,23_13,23,13
1630,24_13,24,13
1631,25_13,25,13
1632,26_13,26,13
1633,27_13,27,13
1634,28_13,28,13
1635,29_13,29,13
1636,30_13,30,13
1637,31_13,31,13
1638,32_13,32,13
1639,33_13,33,13
1640,34_13,34,13
1641,35_13,35,13
1642,36_13,36,13
1643,37_13,37,13
1644,38_13,38,13
1645,39_13,39,13
1646,40_13,40,13
1647,41_13,41,13
1648,42_13,42,13
1649,43_13,43,13
1650,44_13,44,13
1651,45_13,45,13
1652,46_13,46,13
1653,47_13,47,13
1654,48_13,48,13
1655,49_13,49,13
1656,50_13,50,13
1657,51_13,51,13
1658,52_13,52,13
1659,53_13,53,13
1660,54_13,54,13
1661,55_13,55,13
1662,56_13,56,13
1663,57_13,57,13
1664,58_13,58,13
1665,59_13,59,13
1666,60_13,60,13
1667,61_13,61,13
1668,62_13,62,13
1669,63_13,63,13
1670,64_13,64,13
1671,65_13,65,13
1672,66_13,66,13
1673,67_13,67,13
1674,68_13,68,13
1675,69_13,69,13
1676,70_13,70,13
1677,71_13,71,13
1678,72_13,72,13
1679,73_13,73,13
1680,74_13,74,13
1681,75_13,75,13
1682,76_13,76,13
1683,77_13,77,13
1684,78_13,78,13
1685,79_13,79,13
1686,80_13,80,13
1687,81_13,81,13
1688,82_13,82,13
1689,83_13,83,13
1690,84_13,84,13
1691,85_13,85,13
1692,86_13,86,13
1693,87_13,87,13
1694,88_13,88,13
1695,89_13,89,13
1696,90_13,90,13
1697,91_13,91,13
1698,92_13,92,13
1699,93_13,93,13
1700,94_13,94,13
1701,95_13,95,13
1702,96_13,96,13
1703,97_13,97,13
1704,98_13,98,13
1705,99_13,99,13
1706,100_13,100,13
1707,101_13,101,13
1708,102_13,102,13
1709,103_13,103,13
1710,104_13,104,13
1711,105_13,105,13
1712,106_13,106,13
1713,107_13,107,13
1714,108_13,108,13
1715,109_13,109,13
1716,110_13,110,13
1717,111_13,111,13
1718,112_13,112,13
1719,113_13,113,13
1720,114_13,114,13
1721,115_13,115,13
1722,116_13,116,13
1723,117_13,117,13
1724,118_13,118,13
1725,119_13,119,13
1726,120_13,120,13
1727,121_13,121,13
1728,122_13,122,13
1729,123_13,123,13
1730,124_13,124,13
1731,125_13,125,13
1732,126_13,126,13
1733,127_13,127,13
1734,128_13,128,13
1735,129_13,129,13
1736,130_13,130,13
1737,131_13,131,13
1738,132_13,132,13
1739,133_13,133,13
1740,134_13,134,13
1741,135_13,135,13
1742,136_13,136,13
1743,137_13,137,13
1744,138_13,138,13
1745,139_13,139,13
1746,140_13,140,13
1747,141_13,141,13
1748,142_13,142,13
1749,143_13,143,13
1750,144_13,144,13
1751,145_13,145,13
1752,146_13,146,13
1753,147_13,147,13
1754,148_13,148,13
1755,149_13,149,13
1756,150_13,150,13
1757,151_13,151,13
1758,152_13,152,13
1759,153_13,153,13
1760,154_13,154,13
1761,155_13,155,13
1762,156_13,156,13
1763,157_13,157,13
1764,158_13,158,13
1765,159_13,159,13
1766,160_13,160,13
1767,161_13,161,13
1768,162_13,162,13
1769,163_13,163,13
1770,164_13,164,13
1771,165_13,165,13
1772,166_13,166,13
1773,167_13,167,13
1774,168_13,168,13
1775,169_13,169,13
1776,170_13,170,13
1777,171_13,171,13
1778,172_13,172,13
1779,173_13,173,13
1780,174_13,174,13
1781,175_13,175,13
1782,176_13,176,13
1783,177_13,177,13
1784,178_13,178,13
1785,179_13,179,13
1786,180_13,180,13
1787,181_13,181,13
1788,182_13,182,13
1789,183_13,183,13
1790,184_13,184,13
1791,185_13,185,13
1792,186_13,186,13
1793,187_13,187,13
1794,188_13,188,13
1795,189_13,189,13
1796,190_13,190,13
1797,191_13,191,13
1798,192_13,192,13
1799,193_13,193,13
1800,194_13,194,13
1801,195_13,195,13
1802,196_13,196,13
1803,197_13,197,13
1804,198_13,198,13
1805,199_13,199,13
1806,200_13,200,13
1807,201_13,201,13
1808,202_13,202,13
1809,203_13,203,13
1810,204_13,204,13
1811,205_13,205,13
1812,206_13,206,13
1813,207_13,207,13
1814,208_13,208,13
1815,209_13,209,13
1816,210_13,210,13
1817,211_13,211,13
1818,212_13,212,13
1819,213_13,213,13
1820,214_13,214,13
1821,215_13,215,13
1822,216_13,216,13
1823,217_13,217,13
1824,218_13,218,13
1825,219_13,219,13
1826,220_13,220,13
1827,221_13,221,13
1828,222_13,222,13
1829,223_13,223,13
1830,224_13,224,13
1831,225_13,225,13
1832,226_13,226,13
1833,227_13,227,13
1834,228_13,228,13
1835,229_13,229,13
1836,230_13,230,13
1837,231_13,231,13
1838,232_13,232,13
1839,233_13,233,13
1840,234_13,234,13
1841,235_13,235,13
1842,236_13,236,13
1843,237_13,237,13
1844,238_13,238,13
1845,239_13,239,13
1846,240_13,240,13
1847,241_13,241,13
1848,242_13,242,13
1849,243_13,243,13
1850,244_13,244,13
1851,245_13,245,13
1852,246_13,246,13
1853,247_13,247,13
1854,248_13,248,13
1855,249_13,249,13
1856,250_13,250,13
1857,251_13,251,13
1858,252_13,252,13
1859,253_13,253,13
1860,254_13,254,13
1861,255_13,255,13
1862,256_13,256,13
1863,257_13,257,13
1864,258_13,258,13
1865,259_13,259,13
1866,1_14,1,14
1867,2_14,2,14
1868,3_14,3,14
1869,4_14,4,14
1870,5_14,5,14
1871,6_14,6,14
1872,7_14,7,14
1873,8_14,8,14
1874,9_14,9,14
1875,10_14,10,14
1876,11_14,11,14
1877,12_14,12,14
1878,13_14,13,14
1879,14_14,14,14
1880,15_14,15,14
1881,16_14,16,14
1882,17_14,17,14
1883,18_14,18,14
1884,19_14,19,14
1885,20_14,20,14
1886,21_14,21,14
1887,22_14,22,14
1888,23_14,23,14
1889,24_14,24,14
1890,25_14,25,14
1891,26_14,26,14
1892,27_14,27,14
1893,28_14,28,14
1894,29_14,29,14
1895,30_14,30,14
1896,31_14,31,14
1897,32_14,32,14
1898,33_14,33,14
1899,34_14,34,14
1900,35_14,35,14
1901,36_14,36,14
1902,37_14,37,14
1903,38_14,38,14
1904,39_14,39,14
1905,40_14,40,14
1906,41_14,41,14
1907,42_14,42,14
1908,43_14,43,14
1909,44_14,44,14
1910,45_14,45,14
1911,46_14,46,14
1912,47_14,47,14
1913,48_14,48,14
1914,49_14,49,14
1915,50_14,50,14
1916,51_14,51,14
1917,52_14,52,14
1918,53_14,53,14
1919,54_14,54,14
1920,55_14,55,14
1921,56_14,56,14
1922,57_14,57,14
1923,58_14,58,14
1924,59_14,59,14
1925,60_14,60,14
1926,61_14,61,14
1927,62_14,62,14
1928,63_14,63,14
1929,64_14,64,14
1930,65_14,65,14
1931,66_14,66,14
1932,67_14,67,14
1933,68_14,68,14
1934,69_14,69,14
1935,70_14,70,14
1936,71_14,71,14
1937,72_14,72,14
1938,73_14,73,14
1939,74_14,74,14
1940,75_14,75,14
1941,76_14,76,14
1942,77_14,77,14
1943,78_14,78,14
1944,79_14,79,14
1945,80_14,80,14
1946,81_14,81,14
1947,82_14,82,14
1948,83_14,83,14
1949,84_14,84,14
1950,85_14,85,14
1951,86_14,86,14
1952,87_14,87,14
1953,88_14,88,14
1954,89_14,89,14
1955,90_14,90,14
1956,91_14,91,14
1957,92_14,92,14
1958,93_14,93,14
1959,94_14,94,14
1960,95_14,95,14
1961,96_14,96,14
1962,97_14,97,14
1963,98_14,98,14
1964,99_14,99,14
1965,100_14,100,14
1966,101_14,101,14
1967,102_14,102,14
1968,103_14,103,14
1969,104_14,104,14
1970,105_14,105,14
1971,106_14,106,14
1972,107_14,107,14
1973,108_14,108,14
1974,109_14,109,14
1975,110_14,110,14
1976,111_14,111,14
1977,112_14,112,14
1978,113_14,113,14
1979,114_14,114,14
1980,115_14,115,14
1981,116_14,116,14
1982,117_14,117,14
1983,118_14,118,14
1984,119_14,119,14
1985,120_14,120,14
1986,121_14,121,14
1987,122_14,122,14
1988,123_14,123,14
1989,124_14,124,14
1990,125_14,125,14
1991,126_14,126,14
1992,127_14,127,14
1993,128_14,128,14
1994,129_14,129,14
1995,130_14,130,14
1996,131_14,131,14
1997,132_14,132,14
1998,133_14,133,14
1999,134_14,134,14
2000,135_14,135,14
2001,136_14,136,14
2002,137_14,137,14
2003,138_14,138,14
2004,139_14,139,14
2005,140_14,140,14
2006,141_14,141,14
2007,142_14,142,14
2008,143_14,143,14
2009,144_14,144,14
2010,145_14,145,14
2011,146_14,146,14
2012,147_14,147,14
2013,148_14,148,14
2014,149_14,149,14
2015,150_14,150,14
2016,151_14,151,14
2017,152_14,152,14
2018,153_14,153,14
2019,154_14,154,14
2020,155_14,155,14
2021,156_14,156,14
2022,157_14,157,14
2023,158_14,158,14
2024,159_14,159,14
2025,160_14,160,14
2026,161_14,161,14
2027,162_14,162,14
2028,163_14,163,14
2029,164_14,164,14
2030,165_14,165,14
2031,166_14,166,14
2032,167_14,167,14
2033,168_14,168,14
2034,169_14,169,14
2035,170_14,170,14
2036,171_14,171,14
2037,172_14,172,14
2038,173_14,173,14
2039,174_14,174,14
2040,175_14,175,14
2041,176_14,176,14
2042,177_14,177,14
2043,178_14,178,14
2044,179_14,179,14
2045,180_14,180,14
2046,181_14,181,14
2047,182_14,182,14
2048,183_14,183,14
2049,184_14,184,14
2050,185_14,185,14
2051,186_14,186,14
2052,187_14,187,14
2053,188_14,188,14
2054,189_14,189,14
2055,190_14,190,14
2056,191_14,191,14
2057,192_14,192,14
2058,193_14,193,14
2059,194_14,194,14
2060,195_14,195,14
2061,196_14,196,14
2062,197_14,197,14
2063,198_14,198,14
2064,199_14,199,14
2065,200_14,200,14
2066,201_14,201,14
2067,202_14,202,14
2068,203_14,203,14
2069,204_14,204,14
2070,205_14,205,14
2071,206_14,206,14
2072,207_14,207,14
2073,208_14,208,14
2074,209_14,209,14
2075,210_14,210,14
2076,211_14,211,14
2077,212_14,212,14
2078,213_14,213,14
2079,214_14,214,14
2080,215_14,215,14
2081,216_14,216,14
2082,217_14,217,14
2083,218_14,218,14
2084,219_14,219,14
2085,220_14,220,14
2086,221_14,221,14
2087,222_14,222,14
2088,223_14,223,14
2089,224_14,224,14
2090,225_14,225,14
2091,226_14,226,14
2092,227_14,227,14
2093,228_14,228,14
2094,229_14,229,14
2095,230_14,230,14
2096,231_14,231,14
2097,232_14,232,14
2098,233_14,233,14
2099,234_14,234,14
2100,235_14,235,14
2101,236_14,236,14
2102,237_14,237,14
2103,238_14,238,14
2104,239_14,239,14
2105,240_14,240,14
2106,241_14,241,14
2107,242_14,242,14
2108,243_14,243,14
2109,244_14,244,14
2110,245_14,245,14
2111,246_14,246,14
2112,247_14,247,14
2113,248_14,248,14
2114,249_14,249,14
2115,250_14,250,14
2116,251_14,251,14
2117,252_14,252,14
2118,253_14,253,14
2119,254_14,254,14
2120,255_14,255,14
2121,256_14,256,14
2122,257_14,257,14
2123,258_14,258,14
2124,259_14,259,14
2125,260_14,260,14
2126,261_14,261,14
2127,262_14,262,14
2128,263_14,263,14
2129,264_14,264,14
2130,265_14,265,14
2131,266_14,266,14
2132,267_14,267,14
2133,268_14,268,14
2134,269_14,269,14
2135,270_14,270,14
2136,271_14,271,14
2137,272_14,272,14
2138,273_14,273,14
2139,274_14,274,14
2140,275_14,275,14
2141,276_14,276,14
2142,277_14,277,14
2143,278_14,278,14
2144,279_14,279,14
2145,280_14,280,14
2146,281_14,281,14
2147,282_14,282,14
2148,283_14,283,14
2149,284_14,284,14
2150,285_14,285,14
2151,286_14,286,14
2152,287_14,287,14
2153,288_14,288,14
2154,289_14,289,14
2155,290_14,290,14
2156,291_14,291,14
2157,292_14,292,14
2158,293_14,293,14
2159,294_14,294,14
2160,295_14,295,14
2161,296_14,296,14
2162,297_14,297,14
2163,298_14,298,14
2164,299_14,299,14
2165,300_14,300,14
2166,301_14,301,14
2167,302_14,302,14
2168,303_14,303,14
2169,304_14,304,14
2170,305_14,305,14
2171,306_14,306,14
2172,307_14,307,14
2173,308_14,308,14
2174,309_14,309,14
2175,310_14,310,14
2176,311_14,311,14
2177,312_14,312,14
2178,313_14,313,14
2179,314_14,314,14
2180,315_14,315,14
2181,316_14,316,14
2182,317_14,317,14
2183,318_14,318,14
2184,319_14,319,14
2185,320_14,320,14
2186,321_14,321,14
2187,322_14,322,14
2188,323_14,323,14
2189,324_14,324,14
2190,1_15,1,15
2191,2_15,2,15
2192,3_15,3,15
2193,4_15,4,15
2194,5_15,5,15
2195,6_15,6,15
2196,7_15,7,15
2197,8_15,8,15
2198,9_15,9,15
2199,10_15,10,15
2200,11_15,11,15
2201,12_15,12,15
2202,13_15,13,15
2203,14_15,14,15
2204,15_15,15,15
2205,16_15,16,15
2206,17_15,17,15
2207,18_15,18,15
2208,19_15,19,15
2209,20_15,20,15
2210,21_15,21,15
2211,22_15,22,15
2212,23_15,23,15
2213,24_15,24,15
2214,25_15,25,15
2215,26_15,26,15
2216,27_15,27,15
2217,28_15,28,15
2218,29_15,29,15
2219,30_15,30,15
2220,31_15,31,15
2221,32_15,32,15
2222,33_15,33,15
2223,34_15,34,15
2224,35_15,35,15
2225,36_15,36,15
2226,37_15,37,15
2227,38_15,38,15
2228,39_15,39,15
2229,40_15,40,15
2230,41_15,41,15
2231,42_15,42,15
2232,43_15,43,15
2233,44_15,44,15
2234,45_15,45,15
2235,46_15,46,15
2236,47_15,47,15
2237,48_15,48,15
2238,49_15,49,15
2239,50_15,50,15
2240,51_15,51,15
2241,52_15,52,15
2242,53_15,53,15
2243,54_15,54,15
2244,55_15,55,15
2245,56_15,56,15
2246,57_15,57,15
2247,58_15,58,15
2248,59_15,59,15
2249,60_15,60,15
2250,61_15,61,15
2251,62_15,62,15
2252,63_15,63,15
2253,64_15,64,15
2254,65_15,65,15
2255,66_15,66,15
2256,67_15,67,15
2257,68_15,68,15
2258,69_15,69,15
2259,70_15,70,15
2260,71_15,71,15
2261,72_15,72,15
2262,73_15,73,15
2263,74_15,74,15
2264,75_15,75,15
2265,76_15,76,15
2266,77_15,77,15
2267,78_15,78,15
2268,79_15,79,15
2269,80_15,80,15
2270,81_15,81,15
2271,82_15,82,15
2272,83_15,83,15
2273,84_15,84,15
2274,85_15,85,15
2275,86_15,86,15
2276,87_15,87,15
2277,88_15,88,15
2278,89_15,89,15
2279,90_15,90,15
2280,91_15,91,15
2281,92_15,92,15
2282,93_15,93,15
2283,94_15,94,15
2284,95_15,95,15
2285,96_15,96,15
2286,97_15,97,15
2287,98_15,98,15
2288,99_15,99,15
2289,100_15,100,15
2290,101_15,101,15
2291,102_15,102,15
2292,103_15,103,15
2293,104_15,104,15
2294,105_15,105,15
2295,106_15,106,15
2296,107_15,107,15
2297,108_15,108,15
2298,109_15,109,15
2299,110_15,110,15
2300,111_15,111,15
2301,112_15,112,15
2302,113_15,113,15
2303,114_15,114,15
2304,115_15,115,15
2305,116_15,116,15
2306,117_15,117,15
2307,118_15,118,15
2308,119_15,119,15
2309,120_15,120,15
2310,121_15,121,15
2311,122_15,122,15
2312,123_15,123,15
2313,124_15,124,15
2314,125_15,125,15
2315,126_15,126,15
2316,127_15,127,15
2317,128_15,128,15
2318,129_15,129,15
2319,130_15,130,15
2320,131_15,131,15
2321,132_15,132,15
2322,133_15,133,15
2323,134_15,134,15
2324,135_15,135,15
2325,136_15,136,15
2326,137_15,137,15
2327,138_15,138,15
2328,139_15,139,15
2329,140_15,140,15
2330,141_15,141,15
2331,142_15,142,15
2332,143_15,143,15
2333,144_15,144,15
2334,145_15,145,15
2335,146_15,146,15
2336,147_15,147,15
2337,148_15,148,15
2338,149_15,149,15
2339,150_15,150,15
2340,151_15,151,15
2341,152_15,152,15
2342,153_15,153,15
2343,154_15,154,15
2344,155_15,155,15
2345,156_15,156,15
2346,157_15,157,15
2347,158_15,158,15
2348,159_15,159,15
2349,160_15,160,15
2350,161_15,161,15
2351,162_15,162,15
2352,163_15,163,15
2353,164_15,164,15
2354,165_15,165,15
2355,166_15,166,15
2356,167_15,167,15
2357,168_15,168,15
2358,169_15,169,15
2359,170_15,170,15
2360,171_15,171,15
2361,172_15,172,15
2362,173_15,173,15
2363,174_15,174,15
2364,175_15,175,15
2365,176_15,176,15
2366,177_15,177,15
2367,178_15,178,15
2368,179_15,179,15
2369,180_15,180,15
2370,181_15,181,15
2371,182_15,182,15
2372,183_15,183,15
2373,184_15,184,15
2374,185_15,185,15
2375,186_15,186,15
2376,187_15,187,15
2377,188_15,188,15
2378,189_15,189,15
2379,190_15,190,15
2380,191_15,191,15
2381,192_15,192,15
2382,193_15,193,15
2383,194_15,194,15
2384,195_15,195,15
2385,196_15,196,15
2386,197_15,197,15
2387,198_15,198,15
2388,199_15,199,15
2389,200_15,200,15
2390,1_16,1,16
2391,2_16,2,16
2392,3_16,3,16
2393,4_16,4,16
2394,5_16,5,16
2395,6_16,6,16
2396,7_16,7,16
2397,8_16,8,16
2398,9_16,9,16
2399,10_16,10,16
2400,11_16,11,16
2401,12_16,12,16
2402,13_16,13,16
2403,14_16,14,16
2404,15_16,15,16
2405,16_16,16,16
2406,17_16,17,16
2407,18_16,18,16
2408,19_16,19,16
2409,20_16,20,16
2410,21_16,21,16
2411,22_16,22,16
2412,23_16,23,16
2413,24_16,24,16
2414,25_16,25,16
2415,26_16,26,16
2416,27_16,27,16
2417,28_16,28,16
2418,29_16,29,16
2419,30_16,30,16
2420,31_16,31,16
2421,32_16,32,16
2422,33_16,33,16
2423,34_16,34,16
2424,35_16,35,16
2425,36_16,36,16
2426,37_16,37,16
2427,38_16,38,16
2428,39_16,39,16
2429,40_16,40,16
2430,41_16,41,16
2431,42_16,42,16
2432,43_16,43,16
2433,44_16,44,16
2434,45_16,45,16
2435,46_16,46,16
2436,47_16,47,16
2437,48_16,48,16
2438,49_16,49,16
2439,50_16,50,16
2440,51_16,51,16
2441,52_16,52,16
2442,53_16,53,16
2443,54_16,54,16
2444,55_16,55,16
2445,56_16,56,16
2446,57_16,57,16
2447,58_16,58,16
2448,59_16,59,16
2449,60_16,60,16
2450,61_16,61,16
2451,62_16,62,16
2452,63_16,63,16
2453,64_16,64,16
2454,65_16,65,16
2455,66_16,66,16
2456,67_16,67,16
2457,68_16,68,16
2458,69_16,69,16
2459,70_16,70,16
2460,71_16,71,16
2461,72_16,72,16
2462,73_16,73,16
2463,74_16,74,16
2464,75_16,75,16
2465,76_16,76,16
2466,77_16,77,16
2467,78_16,78,16
2468,79_16,79,16
2469,80_16,80,16
2470,81_16,81,16
2471,82_16,82,16
2472,83_16,83,16
2473,84_16,84,16
2474,85_16,85,16
2475,86_16,86,16
2476,87_16,87,16
2477,88_16,88,16
2478,89_16,89,16
2479,90_16,90,16
2480,91_16,91,16
2481,92_16,92,16
2482,93_16,93,16
2483,94_16,94,16
2484,95_16,95,16
2485,96_16,96,16
2486,97_16,97,16
2487,98_16,98,16
2488,99_16,99,16
2489,100_16,100,16
2490,101_16,101,16
2491,102_16,102,16
2492,103_16,103,16
2493,104_16,104,16
2494,105_16,105,16
2495,106_16,106,16
2496,107_16,107,16
2497,108_16,108,16
2498,109_16,109,16
2499,110_16,110,16
2500,111_16,111,16
2501,112_16,112,16
2502,113_16,113,16
2503,114_16,114,16
2504,115_16,115,16
2505,116_16,116,16
2506,117_16,117,16
2507,118_16,118,16
2508,119_16,119,16
2509,120_16,120,16
2510,121_16,121,16
2511,122_16,122,16
2512,123_16,123,16
2513,124_16,124,16
2514,125_16,125,16
2515,126_16,126,16
2516,127_16,127,16
2517,128_16,128,16
2518,129_16,129,16
2519,130_16,130,16
2520,131_16,131,16
2521,132_16,132,16
2522,133_16,133,16
2523,134_16,134,16
2524,135_16,135,16
2525,136_16,136,16
2526,137_16,137,16
2527,138_16,138,16
2528,139_16,139,16
2529,140_16,140,16
2530,141_16,141,16
2531,142_16,142,16
2532,143_16,143,16
2533,144_16,144,16
2534,145_16,145,16
2535,146_16,146,16
2536,147_16,147,16
2537,148_16,148,16
2538,149_16,149,16
2539,150_16,150,16
2540,151_16,151,16
2541,152_16,152,16
2542,153_16,153,16
2543,154_16,154,16
2544,155_16,155,16
2545,156_16,156,16
2546,157_16,157,16
2547,158_16,158,16
2548,159_16,159,16
2549,160_16,160,16
2550,161_16,161,16
2551,162_16,162,16
2552,163_16,163,16
2553,164_16,164,16
2554,165_16,165,16
2555,166_16,166,16
2556,167_16,167,16
2557,168_16,168,16
2558,169_16,169,16
2559,170_16,170,16
2560,171_16,171,16
2561,172_16,172,16
2562,173_16,173,16
2563,174_16,174,16
2564,175_16,175,16
2565,176_16,176,16
2566,177_16,177,16
2567,178_16,178,16
2568,179_16,179,16
2569,1_17,1,17
2570,2_17,2,17
2571,3_17,3,17
2572,4_17,4,17
2573,5_17,5,17
2574,6_17,6,17
2575,7_17,7,17
2576,8_17,8,17
2577,9_17,9,17
2578,10_17,10,17
2579,11_17,11,17
2580,12_17,12,17
2581,13_17,13,17
2582,14_17,14,17
2583,15_17,15,17
2584,16_17,16,17
2585,17_17,17,17
2586,18_17,18,17
2587,19_17,19,17
2588,20_17,20,17
2589,21_17,21,17
2590,22_17,22,17
2591,23_17,23,17
2592,24_17,24,17
2593,25_17,25,17
2594,26_17,26,17
2595,27_17,27,17
2596,28_17,28,17
2597,29_17,29,17
2598,30_17,30,17
2599,31_17,31,17
2600,32_17,32,17
2601,33_17,33,17
2602,34_17,34,17
2603,35_17,35,17
2604,36_17,36,17
2605,37_17,37,17
2606,38_17,38,17
2607,39_17,39,17
2608,40_17,40,17
2609,41_17,41,17
2610,42_17,42,17
2611,43_17,43,17
2612,44_17,44,17
2613,45_17,45,17
2614,46_17,46,17
2615,47_17,47,17
2616,48_17,48,17
2617,49_17,49,17
2618,50_17,50,17
2619,51_17,51,17
2620,52_17,52,17
2621,53_17,53,17
2622,54_17,54,17
2623,55_17,55,17
2624,56_17,56,17
2625,57_17,57,17
2626,58_17,58,17
2627,59_17,59,17
2628,60_17,60,17
2629,61_17,61,17
2630,62_17,62,17
2631,63_17,63,17
2632,64_17,64,17
2633,65_17,65,17
2634,66_17,66,17
2635,67_17,67,17
2636,68_17,68,17
2637,69_17,69,17
2638,70_17,70,17
2639,71_17,71,17
2640,72_17,72,17
2641,73_17,73,17
2642,74_17,74,17
2643,75_17,75,17
2644,76_17,76,17
2645,77_17,77,17
2646,78_17,78,17
2647,79_17,79,17
2648,80_17,80,17
2649,81_17,81,17
2650,82_17,82,17
2651,83_17,83,17
2652,84_17,84,17
2653,85_17,85,17
2654,86_17,86,17
2655,87_17,87,17
2656,88_17,88,17
2657,89_17,89,17
2658,90_17,90,17
2659,91_17,91,17
2660,92_17,92,17
2661,93_17,93,17
2662,94_17,94,17
2663,95_17,95,17
2664,96_17,96,17
2665,97_17,97,17
2666,98_17,98,17
2667,99_17,99,17
2668,100_17,100,17
2669,101_17,101,17
2670,102_17,102,17
2671,103_17,103,17
2672,104_17,104,17
2673,105_17,105,17
2674,106_17,106,17
2675,107_17,107,17
2676,108_17,108,17
2677,109_17,109,17
2678,110_17,110,17
2679,111_17,111,17
2680,112_17,112,17
2681,113_17,113,17
2682,114_17,114,17
2683,115_17,115,17
2684,116_17,116,17
2685,117_17,117,17
2686,118_17,118,17
2687,119_17,119,17
2688,120_17,120,17
2689,121_17,121,17
2690,122_17,122,17
2691,123_17,123,17
2692,124_17,124,17
2693,125_17,125,17
2694,126_17,126,17
2695,127_17,127,17
2696,128_17,128,17
2697,129_17,129,17
2698,130_17,130,17
2699,131_17,131,17
2700,132_17,132,17
2701,133_17,133,17
2702,134_17,134,17
2703,135_17,135,17
2704,136_17,136,17
2705,137_17,137,17
2706,138_17,138,17
2707,139_17,139,17
2708,140_17,140,17
2709,141_17,141,17
2710,142_17,142,17
2711,143_17,143,17
2712,144_17,144,17
2713,145_17,145,17
2714,146_17,146,17
2715,147_17,147,17
2716,148_17,148,17
2717,149_17,149,17
2718,150_17,150,17
2719,1_18,1,18
2720,2_18,2,18
2721,3_18,3,18
2722,4_18,4,18
2723,5_18,5,18
2724,6_18,6,18
2725,7_18,7,18
2726,8_18,8,18
2727,9_18,9,18
2728,10_18,10,18
2729,11_18,11,18
2730,12_18,12,18
2731,13_18,13,18
2732,14_18,14,18
2733,15_18,15,18
2734,16_18,16,18
2735,17_18,17,18
2736,18_18,18,18
2737,19_18,19,18
2738,20_18,20,18
2739,21_18,21,18
2740,22_18,22,18
2741,23_18,23,18
2742,24_18,24,18
2743,25_18,25,18
2744,26_18,26,18
2745,27_18,27,18
2746,28_18,28,18
2747,29_18,29,18
2748,30_18,30,18
2749,31_18,31,18
2750,32_18,32,18
2751,33_18,33,18
2752,34_18,34,18
2753,35_18,35,18
2754,36_18,36,18
2755,37_18,37,18
2756,38_18,38,18
2757,39_18,39,18
2758,40_18,40,18
2759,41_18,41,18
2760,42_18,42,18
2761,43_18,43,18
2762,44_18,44,18
2763,45_18,45,18
2764,46_18,46,18
2765,47_18,47,18
2766,48_18,48,18
2767,49_18,49,18
2768,50_18,50,18
2769,51_18,51,18
2770,52_18,52,18
2771,53_18,53,18
2772,54_18,54,18
2773,55_18,55,18
2774,56_18,56,18
2775,57_18,57,18
2776,58_18,58,18
2777,59_18,59,18
2778,60_18,60,18
2779,61_18,61,18
2780,62_18,62,18
2781,63_18,63,18
2782,64_18,64,18
2783,65_18,65,18
2784,66_18,66,18
2785,67_18,67,18
2786,68_18,68,18
2787,69_18,69,18
2788,70_18,70,18
2789,71_18,71,18
2790,72_18,72,18
2791,73_18,73,18
2792,74_18,74,18
2793,75_18,75,18
2794,76_18,76,18
2795,77_18,77,18
2796,78_18,78,18
2797,79_18,79,18
2798,80_18,80,18
2799,81_18,81,18
2800,82_18,82,18
2801,83_18,83,18
2802,84_18,84,18
2803,85_18,85,18
2804,86_18,86,18
2805,87_18,87,18
2806,88_18,88,18
2807,89_18,89,18
2808,90_18,90,18
2809,91_18,91,18
2810,92_18,92,18
2811,93_18,93,18
2812,94_18,94,18
2813,95_18,95,18
2814,96_18,96,18
2815,97_18,97,18
2816,98_18,98,18
2817,99_18,99,18
2818,100_18,100,18
2819,101_18,101,18
2820,102_18,102,18
2821,103_18,103,18
2822,104_18,104,18
2823,105_18,105,18
2824,106_18,106,18
2825,107_18,107,18
2826,108_18,108,18
2827,109_18,109,18
2828,110_18,110,18
2829,111_18,111,18
2830,112_18,112,18
2831,113_18,113,18
2832,114_18,114,18
2833,115_18,115,18
2834,116_18,116,18
2835,117_18,117,18
2836,118_18,118,18
2837,119_18,119,18
2838,120_18,120,18
2839,121_18,121,18
2840,122_18,122,18
2841,123_18,123,18
2842,124_18,124,18
2843,125_18,125,18
2844,126_18,126,18
2845,127_18,127,18
2846,1_19,1,19
2847,2_19,2,19
2848,3_19,3,19
2849,4_19,4,19
2850,5_19,5,19
2851,6_19,6,19
2852,7_19,7,19
2853,8_19,8,19
2854,9_19,9,19
2855,10_19,10,19
2856,11_19,11,19
2857,12_19,12,19
2858,13_19,13,19
2859,14_19,14,19
2860,15_19,15,19
2861,16_19,16,19
2862,17_19,17,19
2863,18_19,18,19
2864,19_19,19,19
2865,20_19,20,19
2866,21_19,21,19
2867,22_19,22,19
2868,23_19,23,19
2869,24_19,24,19
2870,25_19,25,19
2871,26_19,26,19
2872,27_19,27,19
2873,28_19,28,19
2874,29_19,29,19
2875,30_19,30,19
2876,31_19,31,19
2877,32_19,32,19
2878,33_19,33,19
2879,34_19,34,19
2880,35_19,35,19
2881,36_19,36,19
2882,37_19,37,19
2883,38_19,38,19
2884,39_19,39,19
2885,40_19,40,19
2886,41_19,41,19
2887,42_19,42,19
2888,43_19,43,19
2889,44_19,44,19
2890,45_19,45,19
2891,46_19,46,19
2892,47_19,47,19
2893,48_19,48,19
2894,49_19,49,19
2895,50_19,50,19
2896,51_19,51,19
2897,52_19,52,19
2898,53_19,53,19
2899,54_19,54,19
2900,55_19,55,19
2901,56_19,56,19
2902,57_19,57,19
2903,58_19,58,19
2904,59_19,59,19
2905,60_19,60,19
2906,61_19,61,19
2907,62_19,62,19
2908,63_19,63,19
2909,64_19,64,19
2910,65_19,65,19
2911,66_19,66,19
2912,67_19,67,19
2913,68_19,68,19
2914,69_19,69,19
2915,70_19,70,19
2916,71_19,71,19
2917,72_19,72,19
2918,73_19,73,19
2919,74_19,74,19
2920,75_19,75,19
2921,76_19,76,19
2922,77_19,77,19
2923,78_19,78,19
2924,79_19,79,19
2925,80_19,80,19
2926,81_19,81,19
2927,82_19,82,19
2928,83_19,83,19
2929,84_19,84,19
2930,85_19,85,19
2931,86_19,86,19
2932,87_19,87,19
2933,88_19,88,19
2934,89_19,89,19
2935,90_19,90,19
2936,91_19,91,19
2937,92_19,92,19
2938,93_19,93,19
2939,94_19,94,19
2940,95_19,95,19
2941,96_19,96,19
2942,97_19,97,19
2943,98_19,98,19
2944,99_19,99,19
2945,100_19,100,19
2946,101_19,101,19
2947,102_19,102,19
2948,103_19,103,19
2949,104_19,104,19
2950,105_19,105,19
2951,106_19,106,19
2952,107_19,107,19
2953,108_19,108,19
2954,109_19,109,19
2955,110_19,110,19
2956,111_19,111,19
2957,112_19,112,19
2958,113_19,113,19
2959,114_19,114,19
2960,115_19,115,19
2961,116_19,116,19
2962,117_19,117,19
2963,118_19,118,19
2964,119_19,119,19
2965,120_19,120,19
2966,121_19,121,19
2967,122_19,122,19
2968,123_19,123,19
2969,124_19,124,19
2970,125_19,125,19
2971,126_19,126,19
2972,127_19,127,19
2973,128_19,128,19
2974,129_19,129,19
2975,130_19,130,19
2976,131_19,131,19
2977,1_20,1,20
2978,2_20,2,20
2979,3_20,3,20
2980,4_20,4,20
2981,5_20,5,20
2982,6_20,6,20
2983,7_20,7,20
2984,8_20,8,20
2985,9_20,9,20
2986,10_20,10,20
2987,11_20,11,20
2988,12_20,12,20
2989,13_20,13,20
2990,14_20,14,20
2991,15_20,15,20
2992,16_20,16,20
2993,17_20,17,20
2994,18_20,18,20
2995,19_20,19,20
2996,20_20,20,20
2997,21_20,21,20
2998,22_20,22,20
2999,23_20,23,20
3000,24_20,24,20
3001,25_20,25,20
3002,26_20,26,20
3003,27_20,27,20
3004,28_20,28,20
3005,29_20,29,20
3006,30_20,30,20
3007,31_20,31,20
3008,32_20,32,20
3009,33_20,33,20
3010,34_20,34,20
3011,35_20,35,20
3012,36_20,36,20
3013,37_20,37,20
3014,38_20,38,20
3015,39_20,39,20
3016,40_20,40,20
3017,41_20,41,20
3018,42_20,42,20
3019,43_20,43,20
3020,44_20,44,20
3021,45_20,45,20
3022,46_20,46,20
3023,47_20,47,20
3024,48_20,48,20
3025,49_20,49,20
3026,50_20,50,20
3027,51_20,51,20
3028,52_20,52,20
3029,53_20,53,20
3030,54_20,54,20
3031,55_20,55,20
3032,56_20,56,20
3033,57_20,57,20
3034,58_20,58,20
3035,59_20,59,20
3036,60_20,60,20
3037,61_20,61,20
3038,62_20,62,20
3039,63_20,63,20
3040,64_20,64,20
3041,65_20,65,20
3042,66_20,66,20
3043,67_20,67,20
3044,68_20,68,20
3045,69_20,69,20
3046,70_20,70,20
3047,71_20,71,20
3048,72_20,72,20
3049,73_20,73,20
3050,74_20,74,20
3051,75_20,75,20
3052,76_20,76,20
3053,77_20,77,20
3054,78_20,78,20
3055,79_20,79,20
3056,80_20,80,20
3057,81_20,81,20
3058,82_20,82,20
3059,83_20,83,20
3060,84_20,84,20
3061,85_20,85,20
3062,86_20,86,20
3063,87_20,87,20
3064,88_20,88,20
3065,89_20,89,20
3066,90_20,90,20
3067,91_20,91,20
3068,92_20,92,20
3069,93_20,93,20
3070,94_20,94,20
3071,95_20,95,20
3072,96_20,96,20
3073,97_20,97,20
3074,98_20,98,20
3075,99_20,99,20
3076,100_20,100,20
3077,101_20,101,20
3078,102_20,102,20
3079,103_20,103,20
3080,104_20,104,20
3081,105_20,105,20
3082,106_20,106,20
3083,107_20,107,20
3084,108_20,108,20
3085,109_20,109,20
3086,110_20,110,20
3087,111_20,111,20
3088,112_20,112,20
3089,113_20,113,20
3090,114_20,114,20
3091,115_20,115,20
3092,116_20,116,20
3093,117_20,117,20
3094,118_20,118,20
3095,119_20,119,20
3096,120_20,120,20
3097,121_20,121,20
3098,122_20,122,20
3099,123_20,123,20
3100,124_20,124,20
3101,125_20,125,20
3102,126_20,126,20
3103,127_20,127,20
3104,128_20,128,20
3105,129_20,129,20
3106,130_20,130,20
3107,131_20,131,20
3108,132_20,132,20
3109,133_20,133,20
3110,134_20,134,20
3111,135_20,135,20
3112,136_20,136,20
3113,137_20,137,20
3114,138_20,138,20
3115,139_20,139,20
3116,140_20,140,20
3117,141_20,141,20
3118,142_20,142,20
3119,143_20,143,20
3120,144_20,144,20
3121,145_20,145,20
3122,146_20,146,20
3123,147_20,147,20
3124,148_20,148,20
3125,149_20,149,20
3126,150_20,150,20
3127,151_20,151,20
3128,152_20,152,20
3129,153_20,153,20
3130,154_20,154,20
3131,155_20,155,20
3132,156_20,156,20
3133,157_20,157,20
3134,158_20,158,20
3135,159_20,159,20
3136,160_20,160,20
3137,161_20,161,20
3138,162_20,162,20
3139,163_20,163,20
3140,164_20,164,20
3141,165_20,165,20
3142,166_20,166,20
3143,167_20,167,20
3144,168_20,168,20
3145,169_20,169,20
3146,170_20,170,20
3147,171_20,171,20
3148,172_20,172,20
3149,173_20,173,20
3150,174_20,174,20
3151,175_20,175,20
3152,176_20,176,20
3153,1_21,1,21
3154,2_21,2,21
3155,3_21,3,21
3156,4_21,4,21
3157,5_21,5,21
3158,6_21,6,21
3159,7_21,7,21
3160,8_21,8,21
3161,9_21,9,21
3162,10_21,10,21
3163,11_21,11,21
3164,12_21,12,21
3165,13_21,13,21
3166,14_21,14,21
3167,15_21,15,21
3168,16_21,16,21
3169,17_21,17,21
3170,18_21,18,21
3171,19_21,19,21
3172,20_21,20,21
3173,21_21,21,21
3174,22_21,22,21
3175,23_21,23,21
3176,24_21,24,21
3177,25_21,25,21
3178,26_21,26,21
3179,27_21,27,21
3180,28_21,28,21
3181,29_21,29,21
3182,30_21,30,21
3183,31_21,31,21
3184,32_21,32,21
3185,33_21,33,21
3186,34_21,34,21
3187,35_21,35,21
3188,36_21,36,21
3189,37_21,37,21
3190,38_21,38,21
3191,39_21,39,21
3192,40_21,40,21
3193,41_21,41,21
3194,42_21,42,21
3195,43_21,43,21
3196,44_21,44,21
3197,45_21,45,21
3198,46_21,46,21
3199,47_21,47,21
3200,48_21,48,21
3201,49_21,49,21
3202,50_21,50,21
3203,51_21,51,21
3204,52_21,52,21
3205,53_21,53,21
3206,54_21,54,21
3207,55_21,55,21
3208,56_21,56,21
3209,57_21,57,21
3210,58_21,58,21
3211,59_21,59,21
3212,60_21,60,21
3213,61_21,61,21
3214,62_21,62,21
3215,63_21,63,21
3216,64_21,64,21
3217,65_21,65,21
3218,66_21,66,21
3219,67_21,67,21
3220,68_21,68,21
3221,69_21,69,21
3222,70_21,70,21
3223,71_21,71,21
3224,72_21,72,21
3225,73_21,73,21
3226,74_21,74,21
3227,75_21,75,21
3228,76_21,76,21
3229,77_21,77,21
3230,78_21,78,21
3231,79_21,79,21
3232,80_21,80,21
3233,81_21,81,21
3234,82_21,82,21
3235,83_21,83,21
3236,84_21,84,21
3237,85_21,85,21
3238,86_21,86,21
3239,87_21,87,21
3240,88_21,88,21
3241,89_21,89,21
3242,90_21,90,21
3243,91_21,91,21
3244,92_21,92,21
3245,93_21,93,21
3246,94_21,94,21
3247,95_21,95,21
3248,96_21,96,21
3249,97_21,97,21
3250,98_21,98,21
3251,99_21,99,21
3252,100_21,100,21
3253,101_21,101,21
3254,102_21,102,21
3255,103_21,103,21
3256,104_21,104,21
3257,105_21,105,21
3258,106_21,106,21
3259,107_21,107,21
3260,108_21,108,21
3261,109_21,109,21
3262,110_21,110,21
3263,111_21,111,21
3264,112_21,112,21
3265,113_21,113,21
3266,114_21,114,21
3267,115_21,115,21
3268,116_21,116,21
3269,117_21,117,21
3270,118_21,118,21
3271,119_21,119,21
3272,120_21,120,21
3273,121_21,121,21
3274,122_21,122,21
3275,123_21,123,21
3276,124_21,124,21
3277,125_21,125,21
3278,126_21,126,21
3279,127_21,127,21
3280,128_21,128,21
3281,129_21,129,21
3282,130_21,130,21
3283,131_21,131,21
3284,132_21,132,21
3285,133_21,133,21
3286,134_21,134,21
3287,135_21,135,21
3288,136_21,136,21
3289,137_21,137,21
3290,138_21,138,21
3291,139_21,139,21
3292,140_21,140,21
3293,141_21,141,21
3294,142_21,142,21
3295,143_21,143,21
3296,144_21,144,21
3297,145_21,145,21
3298,146_21,146,21
3299,147_21,147,21
3300,148_21,148,21
3301,149_21,149,21
3302,150_21,150,21
3303,151_21,151,21
3304,152_21,152,21
3305,153_21,153,21
3306,154_21,154,21
3307,155_21,155,21
3308,156_21,156,21
3309,157_21,157,21
3310,158_21,158,21
3311,159_21,159,21
3312,160_21,160,21
3313,161_21,161,21
3314,162_21,162,21
3315,163_21,163,21
3316,164_21,164,21
3317,165_21,165,21
3318,166_21,166,21
3319,167_21,167,21
3320,168_21,168,21
3321,169_21,169,21
3322,170_21,170,21
3323,171_21,171,21
3324,172_21,172,21
3325,173_21,173,21
3326,174_21,174,21
3327,175_21,175,21
3328,176_21,176,21
3329,177_21,177,21
3330,178_21,178,21
3331,179_21,179,21
3332,180_21,180,21
3333,181_21,181,21
3334,182_21,182,21
3335,183_21,183,21
3336,184_21,184,21
3337,185_21,185,21
3338,186_21,186,21
3339,187_21,187,21
3340,188_21,188,21
3341,189_21,189,21
3342,190_21,190,21
3343,191_21,191,21
3344,192_21,192,21
3345,193_21,193,21
3346,194_21,194,21
3347,195_21,195,21
3348,196_21,196,21
3349,197_21,197,21
3350,198_21,198,21
3351,199_21,199,21
3352,200_21,200,21
3353,201_21,201,21
3354,202_21,202,21
3355,203_21,203,21
3356,204_21,204,21
3357,205_21,205,21
3358,206_21,206,21
3359,207_21,207,21
3360,208_21,208,21
3361,1_22,1,22
3362,2_22,2,22
3363,3_22,3,22
3364,4_22,4,22
3365,5_22,5,22
3366,6_22,6,22
3367,7_22,7,22
3368,8_22,8,22
3369,9_22,9,22
3370,10_22,10,22
3371,11_22,11,22
3372,12_22,12,22
3373,13_22,13,22
3374,14_22,14,22
3375,15_22,15,22
3376,16_22,16,22
3377,17_22,17,22
3378,18_22,18,22
3379,19_22,19,22
3380,20_22,20,22
3381,21_22,21,22
3382,22_22,22,22
3383,23_22,23,22
3384,24_22,24,22
3385,25_22,25,22
3386,26_22,26,22
3387,27_22,27,22
3388,28_22,28,22
3389,29_22,29,22
3390,30_22,30,22
3391,31_22,31,22
3392,32_22,32,22
3393,33_22,33,22
3394,34_22,34,22
3395,35_22,35,22
3396,36_22,36,22
3397,37_22,37,22
3398,38_22,38,22
3399,39_22,39,22
3400,40_22,40,22
3401,41_22,41,22
3402,42_22,42,22
3403,43_22,43,22
3404,44_22,44,22
3405,45_22,45,22
3406,46_22,46,22
3407,47_22,47,22
3408,48_22,48,22
3409,49_22,49,22
3410,50_22,50,22
3411,51_22,51,22
3412,52_22,52,22
3413,53_22,53,22
3414,54_22,54,22
3415,55_22,55,22
3416,56_22,56,22
3417,57_22,57,22
3418,58_22,58,22
3419,59_22,59,22
3420,60_22,60,22
3421,61_22,61,22
3422,62_22,62,22
3423,63_22,63,22
3424,64_22,64,22
3425,65_22,65,22
3426,66_22,66,22
3427,67_22,67,22
3428,68_22,68,22
3429,69_22,69,22
3430,70_22,70,22
3431,71_22,71,22
3432,72_22,72,22
3433,73_22,73,22
3434,74_22,74,22
3435,75_22,75,22
3436,76_22,76,22
3437,77_22,77,22
3438,78_22,78,22
3439,79_22,79,22
3440,80_22,80,22
3441,81_22,81,22
3442,82_22,82,22
3443,83_22,83,22
3444,84_22,84,22
3445,85_22,85,22
3446,86_22,86,22
3447,87_22,87,22
3448,88_22,88,22
3449,89_22,89,22
3450,90_22,90,22
3451,91_22,91,22
3452,92_22,92,22
3453,93_22,93,22
3454,94_22,94,22
3455,95_22,95,22
3456,96_22,96,22
3457,97_22,97,22
3458,98_22,98,22
3459,99_22,99,22
3460,100_22,100,22
3461,101_22,101,22
3462,102_22,102,22
3463,103_22,103,22
3464,104_22,104,22
3465,105_22,105,22
3466,106_22,106,22
3467,107_22,107,22
3468,108_22,108,22
3469,109_22,109,22
3470,110_22,110,22
3471,111_22,111,22
3472,112_22,112,22
3473,113_22,113,22
3474,114_22,114,22
3475,115_22,115,22
3476,116_22,116,22
3477,117_22,117,22
3478,118_22,118,22
3479,119_22,119,22
3480,120_22,120,22
3481,121_22,121,22
3482,122_22,122,22
3483,123_22,123,22
3484,124_22,124,22
3485,125_22,125,22
3486,126_22,126,22
3487,127_22,127,22
3488,128_22,128,22
3489,129_22,129,22
3490,130_22,130,22
3491,131_22,131,22
3492,132_22,132,22
3493,133_22,133,22
3494,134_22,134,22
3495,135_22,135,22
3496,136_22,136,22
3497,137_22,137,22
3498,138_22,138,22
3499,139_22,139,22
3500,140_22,140,22
3501,141_22,141,22
3502,142_22,142,22
3503,143_22,143,22
3504,144_22,144,22
3505,145_22,145,22
3506,146_22,146,22
3507,147_22,147,22
3508,148_22,148,22
3509,149_22,149,22
3510,150_22,150,22
3511,151_22,151,22
3512,152_22,152,22
3513,153_22,153,22
3514,154_22,154,22
3515,155_22,155,22
3516,156_22,156,22
3517,157_22,157,22
3518,158_22,158,22
3519,159_22,159,22
3520,160_22,160,22
3521,161_22,161,22
3522,162_22,162,22
3523,163_22,163,22
3524,164_22,164,22
3525,165_22,165,22
3526,166_22,166,22
3527,167_22,167,22
3528,168_22,168,22
3529,169_22,169,22
3530,170_22,170,22
3531,171_22,171,22
3532,172_22,172,22
3533,173_22,173,22
3534,174_22,174,22
3535,175_22,175,22
3536,176_22,176,22
3537,177_22,177,22
3538,178_22,178,22
3539,179_22,179,22
3540,180_22,180,22
3541,181_22,181,22
3542,182_22,182,22
3543,183_22,183,22
3544,184_22,184,22
3545,185_22,185,22
3546,186_22,186,22
3547,187_22,187,22
3548,188_22,188,22
3549,189_22,189,22
3550,190_22,190,22
3551,191_22,191,22
3552,192_22,192,22
3553,193_22,193,22
3554,194_22,194,22
3555,195_22,195,22
3556,196_22,196,22
3557,197_22,197,22
3558,1_23,1,23
3559,2_23,2,23
3560,3_23,3,23
3561,4_23,4,23
3562,5_23,5,23
3563,6_23,6,23
3564,7_23,7,23
3565,8_23,8,23
3566,9_23,9,23
3567,10_23,10,23
3568,11_23,11,23
3569,12_23,12,23
3570,13_23,13,23
3571,14_23,14,23
3572,15_23,15,23
3573,16_23,16,23
3574,17_23,17,23
3575,18_23,18,23
3576,19_23,19,23
3577,20_23,20,23
3578,21_23,21,23
3579,22_23,22,23
3580,23_23,23,23
3581,24_23,24,23
3582,25_23,25,23
3583,26_23,26,23
3584,27_23,27,23
3585,28_23,28,23
3586,29_23,29,23
3587,30_23,30,23
3588,31_23,31,23
3589,32_23,32,23
3590,33_23,33,23
3591,34_23,34,23
3592,35_23,35,23
3593,36_23,36,23
3594,37_23,37,23
3595,38_23,38,23
3596,39_23,39,23
3597,40_23,40,23
3598,41_23,41,23
3599,42_23,42,23
3600,43_23,43,23
3601,44_23,44,23
3602,45_23,45,23
3603,46_23,46,23
3604,47_23,47,23
3605,48_23,48,23
3606,49_23,49,23
3607,50_23,50,23
3608,51_23,51,23
3609,52_23,52,23
3610,53_23,53,23
3611,54_23,54,23
3612,55_23,55,23
3613,56_23,56,23
3614,57_23,57,23
3615,58_23,58,23
3616,59_23,59,23
3617,60_23,60,23
3618,61_23,61,23
3619,62_23,62,23
3620,63_23,63,23
3621,64_23,64,23
3622,65_23,65,23
3623,66_23,66,23
3624,67_23,67,23
3625,68_23,68,23
3626,69_23,69,23
3627,70_23,70,23
3628,71_23,71,23
3629,72_23,72,23
3630,73_23,73,23
3631,74_23,74,23
3632,75_23,75,23
3633,76_23,76,23
3634,77_23,77,23
3635,78_23,78,23
3636,79_23,79,23
3637,80_23,80,23
3638,81_23,81,23
3639,82_23,82,23
3640,83_23,83,23
3641,84_23,84,23
3642,85_23,85,23
3643,86_23,86,23
3644,87_23,87,23
3645,88_23,88,23
3646,89_23,89,23
3647,90_23,90,23
3648,91_23,91,23
3649,92_23,92,23
3650,93_23,93,23
3651,94_23,94,23
3652,95_23,95,23
3653,96_23,96,23
3654,97_23,97,23
3655,98_23,98,23
3656,99_23,99,23
3657,100_23,100,23
3658,101_23,101,23
3659,102_23,102,23
3660,103_23,103,23
3661,104_23,104,23
3662,105_23,105,23
3663,106_23,106,23
3664,107_23,107,23
3665,108_23,108,23
3666,109_23,109,23
3667,110_23,110,23
3668,111_23,111,23
3669,112_23,112,23
3670,113_23,113,23
3671,114_23,114,23
3672,115_23,115,23
3673,116_23,116,23
3674,117_23,117,23
3675,118_23,118,23
3676,119_23,119,23
3677,120_23,120,23
3678,121_23,121,23
3679,122_23,122,23
3680,123_23,123,23
3681,124_23,124,23
3682,125_23,125,23
3683,126_23,126,23
3684,127_23,127,23
3685,128_23,128,23
3686,129_23,129,23
3687,130_23,130,23
3688,131_23,131,23
3689,1_24,1,24
3690,2_24,2,24
3691,3_24,3,24
3692,4_24,4,24
3693,5_24,5,24
3694,6_24,6,24
3695,7_24,7,24
3696,8_24,8,24
3697,9_24,9,24
3698,10_24,10,24
3699,11_24,11,24
3700,12_24,12,24
3701,13_24,13,24
3702,14_24,14,24
3703,15_24,15,24
3704,16_24,16,24
3705,17_24,17,24
3706,18_24,18,24
3707,19_24,19,24
3708,20_24,20,24
3709,21_24,21,24
3710,22_24,22,24
3711,23_24,23,24
3712,24_24,24,24
3713,25_24,25,24
3714,26_24,26,24
3715,27_24,27,24
3716,28_24,28,24
3717,29_24,29,24
3718,30_24,30,24
3719,31_24,31,24
3720,32_24,32,24
3721,33_24,33,24
3722,34_24,34,24
3723,35_24,35,24
3724,36_24,36,24
3725,37_24,37,24
3726,38_24,38,24
3727,39_24,39,24
3728,40_24,40,24
3729,41_24,41,24
3730,42_24,42,24
3731,43_24,43,24
3732,44_24,44,24
3733,45_24,45,24
3734,46_24,46,24
3735,47_24,47,24
3736,48_24,48,24
3737,49_24,49,24
3738,50_24,50,24
3739,51_24,51,24
3740,52_24,52,24
3741,53_24,53,24
3742,54_24,54,24
3743,55_24,55,24
3744,56_24,56,24
3745,57_24,57,24
3746,58_24,58,24
3747,59_24,59,24
3748,60_24,60,24
3749,61_24,61,24
3750,62_24,62,24
3751,63_24,63,24
3752,64_24,64,24
3753,65_24,65,24
3754,66_24,66,24
3755,67_24,67,24
3756,68_24,68,24
3757,69_24,69,24
3758,70_24,70,24
3759,71_24,71,24
3760,72_24,72,24
3761,73_24,73,24
3762,74_24,74,24
3763,75_24,75,24
3764,76_24,76,24
3765,77_24,77,24
3766,78_24,78,24
3767,79_24,79,24
3768,80_24,80,24
3769,81_24,81,24
3770,82_24,82,24
3771,83_24,83,24
3772,84_24,84,24
3773,85_24,85,24
3774,86_24,86,24
3775,87_24,87,24
3776,88_24,88,24
3777,89_24,89,24
3778,90_24,90,24
3779,91_24,91,24
3780,92_24,92,24
3781,93_24,93,24
3782,94_24,94,24
3783,95_24,95,24
3784,96_24,96,24
3785,97_24,97,24
3786,98_24,98,24
3787,99_24,99,24
3788,100_24,100,24
3789,101_24,101,24
3790,102_24,102,24
3791,103_24,103,24
3792,104_24,104,24
3793,105_24,105,24
3794,106_24,106,24
3795,107_24,107,24
3796,108_24,108,24
3797,109_24,109,24
3798,110_24,110,24
3799,111_24,111,24
3800,112_24,112,24
3801,113_24,113,24
3802,114_24,114,24
3803,115_24,115,24
3804,116_24,116,24
3805,117_24,117,24
3806,118_24,118,24
3807,119_24,119,24
3808,120_24,120,24
3809,121_24,121,24
3810,122_24,122,24
3811,123_24,123,24
3812,124_24,124,24
3813,125_24,125,24
3814,1_25,1,25
3815,2_25,2,25
3816,3_25,3,25
3817,4_25,4,25
3818,5_25,5,25
3819,6_25,6,25
3820,7_25,7,25
3821,8_25,8,25
3822,9_25,9,25
3823,10_25,10,25
3824,11_25,11,25
3825,12_25,12,25
3826,13_25,13,25
3827,14_25,14,25
3828,15_25,15,25
3829,16_25,16,25
3830,17_25,17,25
3831,18_25,18,25
3832,19_25,19,25
3833,20_25,20,25
3834,21_25,21,25
3835,22_25,22,25
3836,23_25,23,25
3837,24_25,24,25
3838,25_25,25,25
3839,26_25,26,25
3840,27_25,27,25
3841,28_25,28,25
3842,29_25,29,25
3843,30_25,30,25
3844,31_25,31,25
3845,32_25,32,25
3846,33_25,33,25
3847,34_25,34,25
3848,35_25,35,25
3849,36_25,36,25
3850,37_25,37,25
3851,38_25,38,25
3852,39_25,39,25
3853,40_25,40,25
3854,41_25,41,25
3855,42_25,42,25
3856,43_25,43,25
3857,44_25,44,25
3858,45_25,45,25
3859,46_25,46,25
3860,47_25,47,25
3861,48_25,48,25
3862,49_25,49,25
3863,50_25,50,25
3864,51_25,51,25
3865,52_25,52,25
3866,53_25,53,25
3867,54_25,54,25
3868,55_25,55,25
3869,56_25,56,25
3870,57_25,57,25
3871,58_25,58,25
3872,59_25,59,25
3873,60_25,60,25
3874,61_25,61,25
3875,62_25,62,25
3876,63_25,63,25
3877,64_25,64,25
3878,65_25,65,25
3879,66_25,66,25
3880,67_25,67,25
3881,68_25,68,25
3882,69_25,69,25
3883,70_25,70,25
3884,71_25,71,25
3885,72_25,72,25
3886,73_25,73,25
3887,74_25,74,25
3888,75_25,75,25
3889,76_25,76,25
3890,77_25,77,25
3891,78_25,78,25
3892,79_25,79,25
3893,80_25,80,25
3894,81_25,81,25
3895,82_25,82,25
3896,83_25,83,25
3897,84_25,84,25
3898,85_25,85,25
3899,86_25,86,25
3900,87_25,87,25
3901,88_25,88,25
3902,89_25,89,25
3903,90_25,90,25
3904,91_25,91,25
3905,92_25,92,25
3906,93_25,93,25
3907,94_25,94,25
3908,95_25,95,25
3909,96_25,96,25
3910,97_25,97,25
3911,98_25,98,25
3912,99_25,99,25
3913,100_25,100,25
3914,101_25,101,25
3915,102_25,102,25
3916,103_25,103,25
3917,104_25,104,25
3918,105_25,105,25
3919,106_25,106,25
3920,107_25,107,25
3921,108_25,108,25
3922,109_25,109,25
3923,110_25,110,25
3924,111_25,111,25
3925,112_25,112,25
3926,113_25,113,25
3927,114_25,114,25
3928,115_25,115,25
3929,116_25,116,25
3930,117_25,117,25
3931,1_26,1,26
3932,2_26,2,26
3933,3_26,3,26
3934,4_26,4,26
3935,5_26,5,26
3936,6_26,6,26
3937,7_26,7,26
3938,8_26,8,26
3939,9_26,9,26
3940,10_26,10,26
3941,11_26,11,26
3942,12_26,12,26
3943,13_26,13,26
3944,14_26,14,26
3945,15_26,15,26
3946,16_26,16,26
3947,17_26,17,26
3948,18_26,18,26
3949,19_26,19,26
3950,20_26,20,26
3951,21_26,21,26
3952,22_26,22,26
3953,23_26,23,26
3954,24_26,24,26
3955,25_26,25,26
3956,26_26,26,26
3957,27_26,27,26
3958,28_26,28,26
3959,29_26,29,26
3960,30_26,30,26
3961,31_26,31,26
3962,32_26,32,26
3963,33_26,33,26
3964,34_26,34,26
3965,35_26,35,26
3966,36_26,36,26
3967,37_26,37,26
3968,38_26,38,26
3969,39_26,39,26
3970,40_26,40,26
3971,41_26,41,26
3972,42_26,42,26
3973,43_26,43,26
3974,44_26,44,26
3975,45_26,45,26
3976,46_26,46,26
3977,47_26,47,26
3978,48_26,48,26
3979,49_26,49,26
3980,50_26,50,26
3981,51_26,51,26
3982,52_26,52,26
3983,53_26,53,26
3984,54_26,54,26
3985,55_26,55,26
3986,56_26,56,26
3987,57_26,57,26
3988,58_26,58,26
3989,59_26,59,26
3990,60_26,60,26
3991,61_26,61,26
3992,62_26,62,26
3993,63_26,63,26
3994,64_26,64,26
3995,65_26,65,26
3996,66_26,66,26
3997,67_26,67,26
3998,68_26,68,26
3999,69_26,69,26
4000,70_26,70,26
4001,71_26,71,26
4002,72_26,72,26
4003,73_26,73,26
4004,74_26,74,26
4005,75_26,75,26
4006,76_26,76,26
4007,77_26,77,26
4008,78_26,78,26
4009,79_26,79,26
4010,80_26,80,26
4011,81_26,81,26
4012,82_26,82,26
4013,83_26,83,26
4014,84_26,84,26
4015,85_26,85,26
4016,86_26,86,26
4017,87_26,87,26
4018,88_26,88,26
4019,89_26,89,26
4020,90_26,90,26
4021,91_26,91,26
4022,92_26,92,26
4023,93_26,93,26
4024,94_26,94,26
4025,95_26,95,26
4026,96_26,96,26
4027,97_26,97,26
4028,98_26,98,26
4029,99_26,99,26
4030,100_26,100,26
4031,101_26,101,26
4032,102_26,102,26
4033,103_26,103,26
4034,104_26,104,26
4035,105_26,105,26
4036,106_26,106,26
4037,107_26,107,26
4038,108_26,108,26
4039,109_26,109,26
4040,110_26,110,26
4041,111_26,111,26
4042,112_26,112,26
4043,113_26,113,26
4044,114_26,114,26
4045,115_26,115,26
4046,116_26,116,26
4047,117_26,117,26
4048,118_26,118,26
4049,119_26,119,26
4050,120_26,120,26
4051,121_26,121,26
4052,122_26,122,26
4053,123_26,123,26
4054,124_26,124,26
4055,125_26,125,26
4056,126_26,126,26
4057,127_26,127,26
4058,128_26,128,26
4059,129_26,129,26
4060,130_26,130,26
4061,131_26,131,26
4062,132_26,132,26
4063,1_27,1,27
4064,2_27,2,27
4065,3_27,3,27
4066,4_27,4,27
4067,5_27,5,27
4068,6_27,6,27
4069,7_27,7,27
4070,8_27,8,27
4071,9_27,9,27
4072,10_27,10,27
4073,11_27,11,27
4074,12_27,12,27
4075,13_27,13,27
4076,14_27,14,27
4077,15_27,15,27
4078,16_27,16,27
4079,17_27,17,27
4080,18_27,18,27
4081,19_27,19,27
4082,20_27,20,27
4083,21_27,21,27
4084,22_27,22,27
4085,23_27,23,27
4086,24_27,24,27
4087,25_27,25,27
4088,26_27,26,27
4089,27_27,27,27
4090,28_27,28,27
4091,29_27,29,27
4092,30_27,30,27
4093,31_27,31,27
4094,32_27,32,27
4095,33_27,33,27
4096,34_27,34,27
4097,35_27,35,27
4098,36_27,36,27
4099,37_27,37,27
4100,38_27,38,27
4101,39_27,39,27
4102,40_27,40,27
4103,41_27,41,27
4104,42_27,42,27
4105,43_27,43,27
4106,44_27,44,27
4107,45_27,45,27
4108,46_27,46,27
4109,47_27,47,27
4110,48_27,48,27
4111,49_27,49,27
4112,50_27,50,27
4113,51_27,51,27
4114,52_27,52,27
4115,53_27,53,27
4116,54_27,54,27
4117,55_27,55,27
4118,56_27,56,27
4119,57_27,57,27
4120,58_27,58,27
4121,59_27,59,27
4122,60_27,60,27
4123,61_27,61,27
4124,62_27,62,27
4125,63_27,63,27
4126,64_27,64,27
4127,65_27,65,27
4128,66_27,66,27
4129,67_27,67,27
4130,68_27,68,27
4131,69_27,69,27
4132,70_27,70,27
4133,71_27,71,27
4134,72_27,72,27
4135,73_27,73,27
4136,74_27,74,27
4137,75_27,75,27
4138,76_27,76,27
4139,77_27,77,27
4140,78_27,78,27
4141,79_27,79,27
4142,80_27,80,27
4143,81_27,81,27
4144,82_27,82,27
4145,83_27,83,27
4146,84_27,84,27
4147,85_27,85,27
4148,86_27,86,27
4149,87_27,87,27
4150,88_27,88,27
4151,89_27,89,27
4152,90_27,90,27
4153,91_27,91,27
4154,92_27,92,27
4155,93_27,93,27
4156,94_27,94,27
4157,95_27,95,27
4158,96_27,96,27
4159,97_27,97,27
4160,98_27,98,27
4161,99_27,99,27
4162,100_27,100,27
4163,101_27,101,27
4164,102_27,102,27
4165,103_27,103,27
4166,104_27,104,27
4167,105_27,105,27
4168,106_27,106,27
4169,107_27,107,27
4170,108_27,108,27
4171,109_27,109,27
4172,110_27,110,27
4173,111_27,111,27
4174,112_27,112,27
4175,113_27,113,27
4176,114_27,114,27
4177,115_27,115,27
4178,116_27,116,27
4179,117_27,117,27
4180,118_27,118,27
4181,119_27,119,27
4182,120_27,120,27
4183,121_27,121,27
4184,122_27,122,27
4185,123_27,123,27
4186,124_27,124,27
4187,125_27,125,27
4188,126_27,126,27
4189,127_27,127,27
4190,128_27,128,27
4191,129_27,129,27
4192,130_27,130,27
4193,131_27,131,27
4194,132_27,132,27
4195,133_27,133,27
4196,134_27,134,27
4197,135_27,135,27
4198,136_27,136,27
4199,137_27,137,27
4200,138_27,138,27
4201,139_27,139,27
4202,140_27,140,27
4203,141_27,141,27
4204,142_27,142,27
4205,143_27,143,27
4206,144_27,144,27
4207,145_27,145,27
4208,146_27,146,27
4209,147_27,147,27
4210,148_27,148,27
4211,149_27,149,27
4212,150_27,150,27
4213,151_27,151,27
4214,152_27,152,27
4215,153_27,153,27
4216,154_27,154,27
4217,155_27,155,27
4218,156_27,156,27
4219,157_27,157,27
4220,158_27,158,27
4221,159_27,159,27
4222,160_27,160,27
4223,161_27,161,27
4224,162_27,162,27
4225,163_27,163,27
4226,164_27,164,27
4227,165_27,165,27
4228,166_27,166,27
4229,167_27,167,27
4230,168_27,168,27
4231,169_27,169,27
4232,170_27,170,27
4233,171_27,171,27
4234,172_27,172,27
4235,173_27,173,27
4236,174_27,174,27
4237,175_27,175,27
4238,176_27,176,27
4239,177_27,177,27
4240,178_27,178,27
4241,179_27,179,27
4242,180_27,180,27
4243,181_27,181,27
4244,182_27,182,27
4245,183_27,183,27
4246,184_27,184,27
4247,185_27,185,27
4248,186_27,186,27
4249,187_27,187,27
4250,188_27,188,27
4251,189_27,189,27
4252,190_27,190,27
4253,191_27,191,27
4254,192_27,192,27
4255,193_27,193,27
4256,194_27,194,27
4257,1_28,1,28
4258,2_28,2,28
4259,3_28,3,28
4260,4_28,4,28
4261,5_28,5,28
4262,6_28,6,28
4263,7_28,7,28
4264,8_28,8,28
4265,9_28,9,28
4266,10_28,10,28
4267,11_28,11,28
4268,12_28,12,28
4269,13_28,13,28
4270,14_28,14,28
4271,15_28,15,28
4272,16_28,16,28
4273,17_28,17,28
4274,18_28,18,28
4275,19_28,19,28
4276,20_28,20,28
4277,21_28,21,28
4278,22_28,22,28
4279,23_28,23,28
4280,24_28,24,28
4281,25_28,25,28
4282,26_28,26,28
4283,27_28,27,28
4284,28_28,28,28
4285,29_28,29,28
4286,30_28,30,28
4287,31_28,31,28
4288,32_28,32,28
4289,33_28,33,28
4290,34_28,34,28
4291,35_28,35,28
4292,36_28,36,28
4293,37_28,37,28
4294,38_28,38,28
4295,39_28,39,28
4296,40_28,40,28
4297,41_28,41,28
4298,42_28,42,28
4299,43_28,43,28
4300,44_28,44,28
4301,45_28,45,28
4302,46_28,46,28
4303,47_28,47,28
4304,48_28,48,28
4305,49_28,49,28
4306,50_28,50,28
4307,51_28,51,28
4308,52_28,52,28
4309,53_28,53,28
4310,54_28,54,28
4311,55_28,55,28
4312,56_28,56,28
4313,57_28,57,28
4314,58_28,58,28
4315,59_28,59,28
4316,60_28,60,28
4317,61_28,61,28
4318,62_28,62,28
4319,63_28,63,28
4320,64_28,64,28
4321,65_28,65,28
4322,66_28,66,28
4323,67_28,67,28
4324,68_28,68,28
4325,69_28,69,28
4326,70_28,70,28
4327,71_28,71,28
4328,72_28,72,28
4329,73_28,73,28
4330,74_28,74,28
4331,75_28,75,28
4332,76_28,76,28
4333,77_28,77,28
4334,78_28,78,28
4335,79_28,79,28
4336,80_28,80,28
4337,81_28,81,28
4338,82_28,82,28
4339,83_28,83,28
4340,84_28,84,28
4341,85_28,85,28
4342,86_28,86,28
4343,87_28,87,28
4344,88_28,88,28
4345,89_28,89,28
4346,90_28,90,28
4347,91_28,91,28
4348,92_28,92,28
4349,93_28,93,28
4350,94_28,94,28
4351,95_28,95,28
4352,96_28,96,28
4353,97_28,97,28
4354,98_28,98,28
4355,99_28,99,28
4356,100_28,100,28
4357,101_28,101,28
4358,102_28,102,28
4359,103_28,103,28
4360,104_28,104,28
4361,105_28,105,28
4362,106_28,106,28
4363,107_28,107,28
4364,108_28,108,28
4365,109_28,109,28
4366,110_28,110,28
4367,111_28,111,28
4368,112_28,112,28
4369,113_28,113,28
4370,114_28,114,28
4371,115_28,115,28
4372,116_28,116,28
4373,117_28,117,28
4374,118_28,118,28
4375,119_28,119,28
4376,120_28,120,28
4377,121_28,121,28
4378,122_28,122,28
4379,123_28,123,28
4380,124_28,124,28
4381,125_28,125,28
4382,126_28,126,28
4383,127_28,127,28
4384,128_28,128,28
4385,129_28,129,28
4386,130_28,130,28
4387,131_28,131,28
4388,132_28,132,28
4389,133_28,133,28
4390,134_28,134,28
4391,135_28,135,28
4392,1_29,1,29
4393,2_29,2,29
4394,3_29,3,29
4395,4_29,4,29
4396,5_29,5,29
4397,6_29,6,29
4398,7_29,7,29
4399,8_29,8,29
4400,9_29,9,29
4401,10_29,10,29
4402,11_29,11,29
4403,12_29,12,29
4404,13_29,13,29
4405,14_29,14,29
4406,15_29,15,29
4407,16_29,16,29
4408,17_29,17,29
4409,18_29,18,29
4410,19_29,19,29
4411,20_29,20,29
4412,21_29,21,29
4413,22_29,22,29
4414,23_29,23,29
4415,24_29,24,29
4416,25_29,25,29
4417,26_29,26,29
4418,27_29,27,29
4419,28_29,28,29
4420,29_29,29,29
4421,30_29,30,29
4422,31_29,31,29
4423,32_29,32,29
4424,33_29,33,29
4425,34_29,34,29
4426,35_29,35,29
4427,36_29,36,29
4428,37_29,37,29
4429,38_29,38,29
4430,39_29,39,29
4431,40_29,40,29
4432,41_29,41,29
4433,42_29,42,29
4434,43_29,43,29
4435,44_29,44,29
4436,45_29,45,29
4437,46_29,46,29
4438,47_29,47,29
4439,48_29,48,29
4440,49_29,49,29
4441,50_29,50,29
4442,51_29,51,29
4443,52_29,52,29
4444,53_29,53,29
4445,54_29,54,29
4446,55_29,55,29
4447,56_29,56,29
4448,57_29,57,29
4449,58_29,58,29
4450,59_29,59,29
4451,60_29,60,29
4452,61_29,61,29
4453,62_29,62,29
4454,63_29,63,29
4455,64_29,64,29
4456,65_29,65,29
4457,66_29,66,29
4458,67_29,67,29
4459,68_29,68,29
4460,69_29,69,29
4461,70_29,70,29
4462,71_29,71,29
4463,72_29,72,29
4464,73_29,73,29
4465,74_29,74,29
4466,75_29,75,29
4467,76_29,76,29
4468,77_29,77,29
4469,78_29,78,29
4470,79_29,79,29
4471,80_29,80,29
4472,81_29,81,29
4473,82_29,82,29
4474,83_29,83,29
4475,84_29,84,29
4476,85_29,85,29
4477,86_29,86,29
4478,87_29,87,29
4479,88_29,88,29
4480,89_29,89,29
4481,90_29,90,29
4482,91_29,91,29
4483,92_29,92,29
4484,93_29,93,29
4485,94_29,94,29
4486,95_29,95,29
4487,96_29,96,29
4488,97_29,97,29
4489,98_29,98,29
4490,99_29,99,29
4491,100_29,100,29
4492,101_29,101,29
4493,102_29,102,29
4494,103_29,103,29
4495,104_29,104,29
4496,1_30,1,30
4497,2_30,2,30
4498,3_30,3,30
4499,4_30,4,30
4500,5_30,5,30
4501,6_30,6,30
4502,7_30,7,30
4503,8_30,8,30
4504,9_30,9,30
4505,10_30,10,30
4506,11_30,11,30
4507,12_30,12,30
4508,13_30,13,30
4509,14_30,14,30
4510,15_30,15,30
4511,16_30,16,30
4512,17_30,17,30
4513,18_30,18,30
4514,19_30,19,30
4515,20_30,20,30
4516,21_30,21,30
4517,22_30,22,30
4518,23_30,23,30
4519,24_30,24,30
4520,25_30,25,30
4521,26_30,26,30
4522,27_30,27,30
4523,28_30,28,30
4524,29_30,29,30
4525,30_30,30,30
4526,31_30,31,30
4527,32_30,32,30
4528,33_30,33,30
4529,34_30,34,30
4530,35_30,35,30
4531,36_30,36,30
4532,37_30,37,30
4533,38_30,38,30
4534,39_30,39,30
4535,40_30,40,30
4536,41_30,41,30
4537,42_30,42,30
4538,43_30,43,30
4539,44_30,44,30
4540,45_30,45,30
4541,46_30,46,30
4542,47_30,47,30
4543,48_30,48,30
4544,49_30,49,30
4545,50_30,50,30
4546,51_30,51,30
4547,52_30,52,30
4548,53_30,53,30
4549,54_30,54,30
4550,55_30,55,30
4551,56_30,56,30
4552,57_30,57,30
4553,58_30,58,30
4554,59_30,59,30
4555,60_30,60,30
4556,61_30,61,30
4557,62_30,62,30
4558,63_30,63,30
4559,64_30,64,30
4560,65_30,65,30
4561,66_30,66,30
4562,67_30,67,30
4563,68_30,68,30
4564,69_30,69,30
4565,70_30,70,30
4566,71_30,71,30
4567,72_30,72,30
4568,73_30,73,30
4569,74_30,74,30
4570,75_30,75,30
4571,76_30,76,30
4572,77_30,77,30
4573,78_30,78,30
4574,79_30,79,30
4575,80_30,80,30
4576,81_30,81,30
4577,82_30,82,30
4578,83_30,83,30
4579,84_30,84,30
4580,85_30,85,30
4581,86_30,86,30
4582,87_30,87,30
4583,88_30,88,30
4584,89_30,89,30
4585,90_30,90,30
4586,91_30,91,30
4587,92_30,92,30
4588,93_30,93,30
4589,94_30,94,30
4590,95_30,95,30
4591,96_30,96,30
4592,97_30,97,30
4593,98_30,98,30
4594,99_30,99,30
4595,100_30,100,30
4596,101_30,101,30
4597,102_30,102,30
4598,103_30,103,30
4599,104_30,104,30
4600,105_30,105,30
4601,106_30,106,30
4602,107_30,107,30
4603,108_30,108,30
4604,1_31,1,31
4605,2_31,2,31
4606,3_31,3,31
4607,4_31,4,31
4608,5_31,5,31
4609,6_31,6,31
4610,7_31,7,31
4611,8_31,8,31
4612,9_31,9,31
4613,10_31,10,31
4614,11_31,11,31
4615,12_31,12,31
4616,13_31,13,31
4617,14_31,14,31
4618,15_31,15,31
4619,16_31,16,31
4620,17_31,17,31
4621,18_31,18,31
4622,19_31,19,31
4623,20_31,20,31
4624,21_31,21,31
4625,22_31,22,31
4626,23_31,23,31
4627,24_31,24,31
4628,25_31,25,31
4629,26_31,26,31
4630,27_31,27,31
4631,28_31,28,31
4632,29_31,29,31
4633,30_31,30,31
4634,31_31,31,31
4635,32_31,32,31
4636,33_31,33,31
4637,34_31,34,31
4638,35_31,35,31
4639,36_31,36,31
4640,37_31,37,31
4641,38_31,38,31
4642,39_31,39,31
4643,40_31,40,31
4644,41_31,41,31
4645,42_31,42,31
4646,43_31,43,31
4647,44_31,44,31
4648,45_31,45,31
4649,46_31,46,31
4650,47_31,47,31
4651,48_31,48,31
4652,49_31,49,31
4653,50_31,50,31
4654,51_31,51,31
4655,52_31,52,31
4656,53_31,53,31
4657,54_31,54,31
4658,55_31,55,31
4659,56_31,56,31
4660,57_31,57,31
4661,58_31,58,31
4662,59_31,59,31
4663,60_31,60,31
4664,61_31,61,31
4665,62_31,62,31
4666,63_31,63,31
4667,64_31,64,31
4668,65_31,65,31
4669,66_31,66,31
4670,67_31,67,31
4671,68_31,68,31
4672,69_31,69,31
4673,70_31,70,31
4674,71_31,71,31
4675,72_31,72,31
4676,73_31,73,31
4677,74_31,74,31
4678,75_31,75,31
4679,76_31,76,31
4680,77_31,77,31
4681,78_31,78,31
4682,79_31,79,31
4683,80_31,80,31
4684,81_31,81,31
4685,82_31,82,31
4686,83_31,83,31
4687,84_31,84,31
4688,85_31,85,31
4689,86_31,86,31
4690,87_31,87,31
4691,88_31,88,31
4692,89_31,89,31
4693,90_31,90,31
4694,91_31,91,31
4695,92_31,92,31
4696,93_31,93,31
4697,94_31,94,31
4698,95_31,95,31
4699,96_31,96,31
4700,97_31,97,31
4701,98_31,98,31
4702,99_31,99,31
4703,100_31,100,31
4704,101_31,101,31
4705,102_31,102,31
4706,103_31,103,31
4707,104_31,104,31
4708,1_32,1,32
4709,2_32,2,32
4710,3_32,3,32
4711,4_32,4,32
4712,5_32,5,32
4713,6_32,6,32
4714,7_32,7,32
4715,8_32,8,32
4716,9_32,9,32
4717,10_32,10,32
4718,11_32,11,32
4719,12_32,12,32
4720,13_32,13,32
4721,14_32,14,32
4722,15_32,15,32
4723,16_32,16,32
4724,17_32,17,32
4725,18_32,18,32
4726,19_32,19,32
4727,20_32,20,32
4728,21_32,21,32
4729,22_32,22,32
4730,23_32,23,32
4731,24_32,24,32
4732,25_32,25,32
4733,26_32,26,32
4734,27_32,27,32
4735,28_32,28,32
4736,29_32,29,32
4737,30_32,30,32
4738,31_32,31,32
4739,32_32,32,32
4740,33_32,33,32
4741,34_32,34,32
4742,35_32,35,32
4743,36_32,36,32
4744,37_32,37,32
4745,38_32,38,32
4746,39_32,39,32
4747,40_32,40,32
4748,41_32,41,32
4749,42_32,42,32
4750,43_32,43,32
4751,44_32,44,32
4752,45_32,45,32
4753,46_32,46,32
4754,47_32,47,32
4755,48_32,48,32
4756,49_32,49,32
4757,50_32,50,32
4758,51_32,51,32
4759,52_32,52,32
4760,53_32,53,32
4761,54_32,54,32
4762,55_32,55,32
4763,56_32,56,32
4764,57_32,57,32
4765,58_32,58,32
4766,59_32,59,32
4767,60_32,60,32
4768,61_32,61,32
4769,62_32,62,32
4770,63_32,63,32
4771,64_32,64,32
4772,65_32,65,32
4773,66_32,66,32
4774,67_32,67,32
4775,68_32,68,32
4776,69_32,69,32
4777,70_32,70,32
4778,71_32,71,32
4779,72_32,72,32
4780,73_32,73,32
4781,74_32,74,32
4782,75_32,75,32
4783,76_32,76,32
4784,77_32,77,32
4785,78_32,78,32
4786,79_32,79,32
4787,80_32,80,32
4788,81_32,81,32
4789,82_32,82,32
4790,83_32,83,32
4791,84_32,84,32
4792,85_32,85,32
4793,86_32,86,32
4794,87_32,87,32
4795,88_32,88,32
4796,89_32,89,32
4797,90_32,90,32
4798,91_32,91,32
4799,92_32,92,32
4800,93_32,93,32
4801,94_32,94,32
4802,95_32,95,32
4803,96_32,96,32
4804,97_32,97,32
4805,98_32,98,32
4806,99_32,99,32
4807,100_32,100,32
4808,101_32,101,32
4809,102_32,102,32
4810,103_32,103,32
4811,104_32,104,32
4812,105_32,105,32
4813,106_32,106,32
4814,107_32,107,32
4815,1_33,1,33
4816,2_33,2,33
4817,3_33,3,33
4818,4_33,4,33
4819,5_33,5,33
4820,6_33,6,33
4821,7_33,7,33
4822,8_33,8,33
4823,9_33,9,33
4824,10_33,10,33
4825,11_33,11,33
4826,12_33,12,33
4827,13_33,13,33
4828,14_33,14,33
4829,15_33,15,33
4830,16_33,16,33
4831,17_33,17,33
4832,18_33,18,33
4833,19_33,19,33
4834,20_33,20,33
4835,21_33,21,33
4836,22_33,22,33
4837,23_33,23,33
4838,24_33,24,33
4839,25_33,25,33
4840,26_33,26,33
4841,27_33,27,33
4842,28_33,28,33
4843,29_33,29,33
4844,30_33,30,33
4845,31_33,31,33
4846,32_33,32,33
4847,33_33,33,33
4848,34_33,34,33
4849,35_33,35,33
4850,36_33,36,33
4851,37_33,37,33
4852,38_33,38,33
4853,39_33,39,33
4854,40_33,40,33
4855,41_33,41,33
4856,42_33,42,33
4857,43_33,43,33
4858,44_33,44,33
4859,45_33,45,33
4860,46_33,46,33
4861,47_33,47,33
4862,48_33,48,33
4863,49_33,49,33
4864,50_33,50,33
4865,51_33,51,33
4866,52_33,52,33
4867,53_33,53,33
4868,54_33,54,33
4869,55_33,55,33
4870,56_33,56,33
4871,57_33,57,33
4872,58_33,58,33
4873,59_33,59,33
4874,60_33,60,33
4875,61_33,61,33
4876,62_33,62,33
4877,63_33,63,33
4878,64_33,64,33
4879,65_33,65,33
4880,66_33,66,33
4881,67_33,67,33
4882,68_33,68,33
4883,69_33,69,33
4884,70_33,70,33
4885,71_33,71,33
4886,72_33,72,33
4887,73_33,73,33
4888,74_33,74,33
4889,75_33,75,33
4890,76_33,76,33
4891,77_33,77,33
4892,78_33,78,33
4893,79_33,79,33
4894,80_33,80,33
4895,81_33,81,33
4896,82_33,82,33
4897,83_33,83,33
4898,84_33,84,33
4899,85_33,85,33
4900,86_33,86,33
4901,87_33,87,33
4902,88_33,88,33
4903,89_33,89,33
4904,90_33,90,33
4905,91_33,91,33
4906,92_33,92,33
4907,93_33,93,33
4908,94_33,94,33
4909,95_33,95,33
4910,96_33,96,33
4911,97_33,97,33
4912,98_33,98,33
4913,99_33,99,33
4914,100_33,100,33
4915,101_33,101,33
4916,102_33,102,33
4917,103_33,103,33
4918,104_33,104,33
4919,105_33,105,33
4920,106_33,106,33
4921,107_33,107,33
4922,108_33,108,33
4923,109_33,109,33
4924,110_33,110,33
4925,111_33,111,33
4926,112_33,112,33
4927,113_33,113,33
4928,114_33,114,33
4929,115_33,115,33
4930,116_33,116,33
4931,1_34,1,34
4932,2_34,2,34
4933,3_34,3,34
4934,4_34,4,34
4935,5_34,5,34
4936,6_34,6,34
4937,7_34,7,34
4938,8_34,8,34
4939,9_34,9,34
4940,10_34,10,34
4941,11_34,11,34
4942,12_34,12,34
4943,13_34,13,34
4944,14_34,14,34
4945,15_34,15,34
4946,16_34,16,34
4947,17_34,17,34
4948,18_34,18,34
4949,19_34,19,34
4950,20_34,20,34
4951,21_34,21,34
4952,22_34,22,34
4953,23_34,23,34
4954,24_34,24,34
4955,25_34,25,34
4956,26_34,26,34
4957,27_34,27,34
4958,28_34,28,34
4959,29_34,29,34
4960,30_34,30,34
4961,31_34,31,34
4962,32_34,32,34
4963,33_34,33,34
4964,34_34,34,34
4965,35_34,35,34
4966,36_34,36,34
4967,37_34,37,34
4968,38_34,38,34
4969,39_34,39,34
4970,40_34,40,34
4971,41_34,41,34
4972,42_34,42,34
4973,43_34,43,34
4974,44_34,44,34
4975,45_34,45,34
4976,46_34,46,34
4977,47_34,47,34
4978,48_34,48,34
4979,49_34,49,34
4980,50_34,50,34
4981,51_34,51,34
4982,52_34,52,34
4983,53_34,53,34
4984,54_34,54,34
4985,55_34,55,34
4986,56_34,56,34
4987,57_34,57,34
4988,58_34,58,34
4989,59_34,59,34
4990,60_34,60,34
4991,61_34,61,34
4992,62_34,62,34
4993,63_34,63,34
4994,64_34,64,34
4995,65_34,65,34
4996,66_34,66,34
4997,67_34,67,34
4998,68_34,68,34
4999,69_34,69,34
5000,70_34,70,34
5001,71_34,71,34
5002,72_34,72,34
5003,73_34,73,34
5004,74_34,74,34
5005,75_34,75,34
5006,76_34,76,34
5007,77_34,77,34
5008,78_34,78,34
5009,79_34,79,34
5010,80_34,80,34
5011,81_34,81,34
5012,82_34,82,34
5013,83_34,83,34
5014,84_34,84,34
5015,85_34,85,34
5016,86_34,86,34
5017,87_34,87,34
5018,88_34,88,34
5019,89_34,89,34
5020,90_34,90,34
5021,91_34,91,34
5022,92_34,92,34
5023,93_34,93,34
5024,94_34,94,34
5025,95_34,95,34
5026,96_34,96,34
5027,97_34,97,34
5028,98_34,98,34
5029,99_34,99,34
5030,100_34,100,34
5031,101_34,101,34
5032,102_34,102,34
5033,103_34,103,34
5034,104_34,104,34
5035,105_34,105,34
5036,106_34,106,34
5037,107_34,107,34
5038,108_34,108,34
5039,109_34,109,34
5040,110_34,110,34
5041,111_34,111,34
5042,112_34,112,34
5043,113_34,113,34
5044,114_34,114,34
5045,115_34,115,34
5046,116_34,116,34
5047,117_34,117,34
5048,118_34,118,34
5049,119_34,119,34
5050,120_34,120,34
5051,121_34,121,34
5052,122_34,122,34
5053,123_34,123,34
5054,124_34,124,34
5055,125_34,125,34
5056,126_34,126,34
5057,127_34,127,34
5058,128_34,128,34
5059,129_34,129,34
5060,130_34,130,34
5061,131_34,131,34
5062,132_34,132,34
5063,133_34,133,34
5064,134_34,134,34
5065,135_34,135,34
5066,136_34,136,34
5067,137_34,137,34
5068,138_34,138,34
5069,139_34,139,34
5070,140_34,140,34
5071,141_34,141,34
5072,142_34,142,34
5073,143_34,143,34
5074,144_34,144,34
5075,1_35,1,35
5076,2_35,2,35
5077,3_35,3,35
5078,4_35,4,35
5079,5_35,5,35
5080,6_35,6,35
5081,7_35,7,35
5082,8_35,8,35
5083,9_35,9,35
5084,10_35,10,35
5085,11_35,11,35
5086,12_35,12,35
5087,13_35,13,35
5088,14_35,14,35
5089,15_35,15,35
5090,16_35,16,35
5091,17_35,17,35
5092,18_35,18,35
5093,19_35,19,35
5094,20_35,20,35
5095,21_35,21,35
5096,22_35,22,35
5097,23_35,23,35
5098,24_35,24,35
5099,25_35,25,35
5100,26_35,26,35
5101,27_35,27,35
5102,28_35,28,35
5103,29_35,29,35
5104,30_35,30,35
5105,31_35,31,35
5106,32_35,32,35
5107,33_35,33,35
5108,34_35,34,35
5109,35_35,35,35
5110,36_35,36,35
5111,37_35,37,35
5112,38_35,38,35
5113,39_35,39,35
5114,40_35,40,35
5115,41_35,41,35
5116,42_35,42,35
5117,43_35,43,35
5118,44_35,44,35
5119,45_35,45,35
5120,46_35,46,35
5121,47_35,47,35
5122,48_35,48,35
5123,49_35,49,35
5124,50_35,50,35
5125,51_35,51,35
5126,52_35,52,35
5127,53_35,53,35
5128,54_35,54,35
5129,55_35,55,35
5130,56_35,56,35
5131,57_35,57,35
5132,58_35,58,35
5133,59_35,59,35
5134,60_35,60,35
5135,61_35,61,35
5136,62_35,62,35
5137,63_35,63,35
5138,64_35,64,35
5139,65_35,65,35
5140,66_35,66,35
5141,67_35,67,35
5142,68_35,68,35
5143,69_35,69,35
5144,70_35,70,35
5145,71_35,71,35
5146,72_35,72,35
5147,73_35,73,35
5148,74_35,74,35
5149,75_35,75,35
5150,76_35,76,35
5151,77_35,77,35
5152,78_35,78,35
5153,79_35,79,35
5154,80_35,80,35
5155,81_35,81,35
5156,82_35,82,35
5157,83_35,83,35
5158,84_35,84,35
5159,85_35,85,35
5160,86_35,86,35
5161,87_35,87,35
5162,88_35,88,35
5163,89_35,89,35
5164,90_35,90,35
5165,91_35,91,35
5166,92_35,92,35
5167,93_35,93,35
5168,94_35,94,35
5169,95_35,95,35
5170,96_35,96,35
5171,97_35,97,35
5172,98_35,98,35
5173,99_35,99,35
5174,100_35,100,35
5175,101_35,101,35
5176,102_35,102,35
5177,103_35,103,35
5178,104_35,104,35
5179,105_35,105,35
5180,106_35,106,35
5181,107_35,107,35
5182,108_35,108,35
5183,109_35,109,35
5184,110_35,110,35
5185,111_35,111,35
5186,112_35,112,35
5187,113_35,113,35
5188,114_35,114,35
5189,1_36,1,36
5190,2_36,2,36
5191,3_36,3,36
5192,4_36,4,36
5193,5_36,5,36
5194,6_36,6,36
5195,7_36,7,36
5196,8_36,8,36
5197,9_36,9,36
5198,10_36,10,36
5199,11_36,11,36
5200,12_36,12,36
5201,13_36,13,36
5202,14_36,14,36
5203,15_36,15,36
5204,16_36,16,36
5205,17_36,17,36
5206,18_36,18,36
5207,19_36,19,36
5208,20_36,20,36
5209,21_36,21,36
5210,22_36,22,36
5211,23_36,23,36
5212,24_36,24,36
5213,25_36,25,36
5214,26_36,26,36
5215,27_36,27,36
5216,28_36,28,36
5217,29_36,29,36
5218,30_36,30,36
5219,31_36,31,36
5220,32_36,32,36
5221,33_36,33,36
5222,34_36,34,36
5223,35_36,35,36
5224,36_36,36,36
5225,37_36,37,36
5226,38_36,38,36
5227,39_36,39,36
5228,40_36,40,36
5229,41_36,41,36
5230,42_36,42,36
5231,43_36,43,36
5232,44_36,44,36
5233,45_36,45,36
5234,46_36,46,36
5235,47_36,47,36
5236,48_36,48,36
5237,49_36,49,36
5238,50_36,50,36
5239,51_36,51,36
5240,52_36,52,36
5241,53_36,53,36
5242,54_36,54,36
5243,55_36,55,36
5244,56_36,56,36
5245,57_36,57,36
5246,58_36,58,36
5247,59_36,59,36
5248,60_36,60,36
5249,61_36,61,36
5250,62_36,62,36
5251,63_36,63,36
5252,64_36,64,36
5253,65_36,65,36
5254,66_36,66,36
5255,67_36,67,36
5256,68_36,68,36
5257,69_36,69,36
5258,70_36,70,36
5259,71_36,71,36
5260,72_36,72,36
5261,73_36,73,36
5262,74_36,74,36
5263,75_36,75,36
5264,76_36,76,36
5265,77_36,77,36
5266,78_36,78,36
5267,79_36,79,36
5268,80_36,80,36
5269,81_36,81,36
5270,82_36,82,36
5271,83_36,83,36
5272,84_36,84,36
5273,85_36,85,36
5274,86_36,86,36
5275,87_36,87,36
5276,88_36,88,36
5277,89_36,89,36
5278,90_36,90,36
5279,91_36,91,36
5280,92_36,92,36
5281,93_36,93,36
5282,94_36,94,36
5283,95_36,95,36
5284,96_36,96,36
5285,97_36,97,36
5286,98_36,98,36
5287,99_36,99,36
5288,100_36,100,36
5289,101_36,101,36
5290,102_36,102,36
5291,103_36,103,36
5292,104_36,104,36
5293,105_36,105,36
5294,106_36,106,36
5295,107_36,107,36
5296,108_36,108,36
5297,1_37,1,37
5298,2_37,2,37
5299,3_37,3,37
5300,4_37,4,37
5301,5_37,5,37
5302,6_37,6,37
5303,7_37,7,37
5304,8_37,8,37
5305,9_37,9,37
5306,10_37,10,37
5307,11_37,11,37
5308,12_37,12,37
5309,13_37,13,37
5310,14_37,14,37
5311,15_37,15,37
5312,16_37,16,37
5313,17_37,17,37
5314,18_37,18,37
5315,19_37,19,37
5316,20_37,20,37
5317,21_37,21,37
5318,22_37,22,37
5319,23_37,23,37
5320,24_37,24,37
5321,25_37,25,37
5322,26_37,26,37
5323,27_37,27,37
5324,28_37,28,37
5325,29_37,29,37
5326,30_37,30,37
5327,31_37,31,37
5328,32_37,32,37
5329,33_37,33,37
5330,34_37,34,37
5331,35_37,35,37
5332,36_37,36,37
5333,37_37,37,37
5334,38_37,38,37
5335,39_37,39,37
5336,40_37,40,37
5337,41_37,41,37
5338,42_37,42,37
5339,43_37,43,37
5340,44_37,44,37
5341,45_37,45,37
5342,46_37,46,37
5343,47_37,47,37
5344,48_37,48,37
5345,49_37,49,37
5346,50_37,50,37
5347,51_37,51,37
5348,52_37,52,37
5349,53_37,53,37
5350,54_37,54,37
5351,55_37,55,37
5352,56_37,56,37
5353,57_37,57,37
5354,58_37,58,37
5355,59_37,59,37
5356,60_37,60,37
5357,61_37,61,37
5358,62_37,62,37
5359,63_37,63,37
5360,64_37,64,37
5361,65_37,65,37
5362,66_37,66,37
5363,67_37,67,37
5364,68_37,68,37
5365,69_37,69,37
5366,70_37,70,37
5367,71_37,71,37
5368,72_37,72,37
5369,73_37,73,37
5370,74_37,74,37
5371,75_37,75,37
5372,76_37,76,37
5373,77_37,77,37
5374,78_37,78,37
5375,79_37,79,37
5376,80_37,80,37
5377,81_37,81,37
5378,82_37,82,37
5379,83_37,83,37
5380,84_37,84,37
5381,85_37,85,37
5382,86_37,86,37
5383,87_37,87,37
5384,88_37,88,37
5385,89_37,89,37
5386,90_37,90,37
5387,91_37,91,37
5388,92_37,92,37
5389,93_37,93,37
5390,94_37,94,37
5391,95_37,95,37
5392,96_37,96,37
5393,97_37,97,37
5394,98_37,98,37
5395,99_37,99,37
5396,1_38,1,38
5397,2_38,2,38
5398,3_38,3,38
5399,4_38,4,38
5400,5_38,5,38
5401,6_38,6,38
5402,7_38,7,38
5403,8_38,8,38
5404,9_38,9,38
5405,10_38,10,38
5406,11_38,11,38
5407,12_38,12,38
5408,13_38,13,38
5409,14_38,14,38
5410,15_38,15,38
5411,16_38,16,38
5412,17_38,17,38
5413,18_38,18,38
5414,19_38,19,38
5415,20_38,20,38
5416,21_38,21,38
5417,22_38,22,38
5418,23_38,23,38
5419,24_38,24,38
5420,25_38,25,38
5421,26_38,26,38
5422,27_38,27,38
5423,28_38,28,38
5424,29_38,29,38
5425,30_38,30,38
5426,31_38,31,38
5427,32_38,32,38
5428,33_38,33,38
5429,34_38,34,38
5430,35_38,35,38
5431,36_38,36,38
5432,37_38,37,38
5433,38_38,38,38
5434,39_38,39,38
5435,40_38,40,38
5436,41_38,41,38
5437,42_38,42,38
5438,43_38,43,38
5439,44_38,44,38
5440,45_38,45,38
5441,46_38,46,38
5442,47_38,47,38
5443,48_38,48,38
5444,49_38,49,38
5445,50_38,50,38
5446,51_38,51,38
5447,52_38,52,38
5448,53_38,53,38
5449,54_38,54,38
5450,55_38,55,38
5451,56_38,56,38
5452,57_38,57,38
5453,58_38,58,38
5454,59_38,59,38
5455,60_38,60,38
5456,61_38,61,38
5457,62_38,62,38
5458,63_38,63,38
5459,64_38,64,38
5460,65_38,65,38
5461,66_38,66,38
5462,67_38,67,38
5463,68_38,68,38
5464,69_38,69,38
5465,70_38,70,38
5466,71_38,71,38
5467,72_38,72,38
5468,73_38,73,38
5469,74_38,74,38
5470,75_38,75,38
5471,76_38,76,38
5472,77_38,77,38
5473,78_38,78,38
5474,79_38,79,38
5475,80_38,80,38
5476,81_38,81,38
5477,82_38,82,38
5478,83_38,83,38
5479,84_38,84,38
5480,85_38,85,38
5481,86_38,86,38
5482,87_38,87,38
5483,88_38,88,38
5484,89_38,89,38
5485,90_38,90,38
5486,91_38,91,38
5487,92_38,92,38
5488,93_38,93,38
5489,94_38,94,38
5490,95_38,95,38
5491,96_38,96,38
5492,97_38,97,38
5493,98_38,98,38
5494,99_38,99,38
5495,100_38,100,38
5496,101_38,101,38
5497,102_38,102,38
5498,103_38,103,38
5499,1_39,1,39
5500,2_39,2,39
5501,3_39,3,39
5502,4_39,4,39
5503,5_39,5,39
5504,6_39,6,39
5505,7_39,7,39
5506,8_39,8,39
5507,9_39,9,39
5508,10_39,10,39
5509,11_39,11,39
5510,12_39,12,39
5511,13_39,13,39
5512,14_39,14,39
5513,15_39,15,39
5514,16_39,16,39
5515,17_39,17,39
5516,18_39,18,39
5517,19_39,19,39
5518,20_39,20,39
5519,21_39,21,39
5520,22_39,22,39
5521,23_39,23,39
5522,24_39,24,39
5523,25_39,25,39
5524,26_39,26,39
5525,27_39,27,39
5526,28_39,28,39
5527,29_39,29,39
5528,30_39,30,39
5529,31_39,31,39
5530,32_39,32,39
5531,33_39,33,39
5532,34_39,34,39
5533,35_39,35,39
5534,36_39,36,39
5535,37_39,37,39
5536,38_39,38,39
5537,39_39,39,39
5538,40_39,40,39
5539,41_39,41,39
5540,42_39,42,39
5541,43_39,43,39
5542,44_39,44,39
5543,45_39,45,39
5544,46_39,46,39
5545,47_39,47,39
5546,48_39,48,39
5547,49_39,49,39
5548,50_39,50,39
5549,51_39,51,39
5550,52_39,52,39
5551,53_39,53,39
5552,54_39,54,39
5553,55_39,55,39
5554,56_39,56,39
5555,57_39,57,39
5556,58_39,58,39
5557,59_39,59,39
5558,60_39,60,39
5559,61_39,61,39
5560,62_39,62,39
5561,63_39,63,39
5562,64_39,64,39
5563,65_39,65,39
5564,66_39,66,39
5565,67_39,67,39
5566,68_39,68,39
5567,69_39,69,39
5568,70_39,70,39
5569,71_39,71,39
5570,72_39,72,39
5571,73_39,73,39
5572,74_39,74,39
5573,75_39,75,39
5574,76_39,76,39
5575,77_39,77,39
5576,78_39,78,39
5577,79_39,79,39
5578,80_39,80,39
5579,81_39,81,39
5580,82_39,82,39
5581,83_39,83,39
5582,84_39,84,39
5583,85_39,85,39
5584,86_39,86,39
5585,87_39,87,39
5586,88_39,88,39
5587,89_39,89,39
5588,90_39,90,39
5589,91_39,91,39
5590,92_39,92,39
5591,93_39,93,39
5592,94_39,94,39
5593,95_39,95,39
5594,96_39,96,39
5595,97_39,97,39
5596,98_39,98,39
5597,99_39,99,39
5598,100_39,100,39
5599,101_39,101,39
5600,102_39,102,39
5601,103_39,103,39
5602,104_39,104,39
5603,105_39,105,39
5604,106_39,106,39
5605,107_39,107,39
5606,108_39,108,39
5607,109_39,109,39
5608,110_39,110,39
5609,111_39,111,39
5610,112_39,112,39
5611,113_39,113,39
5612,114_39,114,39
5613,115_39,115,39
5614,116_39,116,39
5615,117_39,117,39
5616,118_39,118,39
5617,119_39,119,39
5618,120_39,120,39
5619,121_39,121,39
5620,122_39,122,39
5621,123_39,123,39
5622,124_39,124,39